/*
SQLyog Community v12.3.2 (64 bit)
MySQL - 5.6.25 : Database - digi-downloads
*********************************************************************
*/

/*!40101 SET NAMES utf8 */;

/*!40101 SET SQL_MODE=''*/;

/*!40014 SET @OLD_UNIQUE_CHECKS=@@UNIQUE_CHECKS, UNIQUE_CHECKS=0 */;
/*!40014 SET @OLD_FOREIGN_KEY_CHECKS=@@FOREIGN_KEY_CHECKS, FOREIGN_KEY_CHECKS=0 */;
/*!40101 SET @OLD_SQL_MODE=@@SQL_MODE, SQL_MODE='NO_AUTO_VALUE_ON_ZERO' */;
/*!40111 SET @OLD_SQL_NOTES=@@SQL_NOTES, SQL_NOTES=0 */;
/*Table structure for table `applicationstatus` */

DROP TABLE IF EXISTS `applicationstatus`;

CREATE TABLE `applicationstatus` (
  `id` int(10) unsigned NOT NULL AUTO_INCREMENT,
  `tour_application_id` int(10) unsigned NOT NULL,
  `status` varchar(255) COLLATE utf8_unicode_ci NOT NULL,
  `updated_by` int(10) unsigned NOT NULL,
  `created_at` timestamp NULL DEFAULT NULL,
  `updated_at` timestamp NULL DEFAULT NULL,
  PRIMARY KEY (`id`)
) ENGINE=InnoDB AUTO_INCREMENT=4 DEFAULT CHARSET=utf8 COLLATE=utf8_unicode_ci;

/*Data for the table `applicationstatus` */

insert  into `applicationstatus`(`id`,`tour_application_id`,`status`,`updated_by`,`created_at`,`updated_at`) values (1,1,'submitted',2,'2017-01-26 04:14:19','2017-01-26 04:14:19'),(2,2,'submitted',2,'2017-01-26 04:40:35','2017-01-26 04:40:35'),(3,1,'moved_to_finance_manager',4,'2017-01-26 04:41:15','2017-01-26 04:41:15');

/*Table structure for table `categories` */

DROP TABLE IF EXISTS `categories`;

CREATE TABLE `categories` (
  `id` int(11) unsigned NOT NULL AUTO_INCREMENT,
  `title` varchar(255) COLLATE utf8_unicode_ci NOT NULL,
  `slug` varchar(255) COLLATE utf8_unicode_ci DEFAULT NULL,
  `description` text COLLATE utf8_unicode_ci,
  `meta_tag_title` text COLLATE utf8_unicode_ci,
  `meta_tag_description` text COLLATE utf8_unicode_ci,
  `meta_tag_keywords` text COLLATE utf8_unicode_ci,
  `show_in_menu` enum('yes','no') COLLATE utf8_unicode_ci DEFAULT 'no',
  `parent_id` bigint(20) DEFAULT '0',
  `status` enum('Active','Inactive') COLLATE utf8_unicode_ci NOT NULL DEFAULT 'Active',
  `image` varchar(255) COLLATE utf8_unicode_ci DEFAULT NULL,
  `sort_order` int(10) DEFAULT NULL,
  `created_at` timestamp NULL DEFAULT NULL,
  `updated_at` timestamp NULL DEFAULT NULL,
  `record_updated_by` int(11) DEFAULT NULL,
  PRIMARY KEY (`id`),
  UNIQUE KEY `categories_category_name_unique` (`title`,`parent_id`)
) ENGINE=InnoDB AUTO_INCREMENT=36 DEFAULT CHARSET=utf8 COLLATE=utf8_unicode_ci;

/*Data for the table `categories` */

insert  into `categories`(`id`,`title`,`slug`,`description`,`meta_tag_title`,`meta_tag_description`,`meta_tag_keywords`,`show_in_menu`,`parent_id`,`status`,`image`,`sort_order`,`created_at`,`updated_at`,`record_updated_by`) values (2,'CSS','css','','','','','yes',0,'Active',NULL,0,'2017-01-27 07:41:07','2017-03-07 05:48:57',1),(3,'Javascript','javascript','','','','','yes',0,'Active',NULL,0,'2017-01-27 07:41:14','2017-03-07 05:48:44',1),(4,'PHP Scripts','php-scripts','','','','','yes',0,'Active',NULL,0,'2017-01-27 07:41:20','2017-03-07 05:48:14',1),(5,'eCommerce','ecommerce','','','','','yes',0,'Active',NULL,0,'2017-02-10 10:58:32','2017-03-07 05:48:29',1),(6,'WordPress','wordpress','Description','Meta Tag Title','Meta Description','Meta Keywords','yes',0,'Active','6.jpeg',3,'2017-02-15 06:00:31','2017-03-07 05:47:53',1),(8,'fsdafasfasfda','fsdafasfasfda','','','','',NULL,0,'Active','8.jpeg',NULL,'2017-02-15 06:38:14','2017-02-15 06:38:14',1),(9,'Mobile','mobile','','','','','no',0,'Active','',0,'2017-03-07 05:55:48','2017-03-07 05:55:48',1),(10,'HTML5','html5','','','','','no',0,'Active','',0,'2017-03-07 05:57:43','2017-03-07 05:57:43',1),(23,'Mathematics','mathematics','Mathematics related category',NULL,NULL,NULL,'no',0,'Active',NULL,NULL,NULL,NULL,1),(24,'Physics','physics','Physics related category',NULL,NULL,NULL,'no',0,'Active',NULL,NULL,NULL,NULL,1),(25,'Chemistry','chemistry','Chemistry related category',NULL,NULL,NULL,'no',0,'Active',NULL,NULL,NULL,NULL,1),(26,'Languages','languages','Languages',NULL,NULL,NULL,'no',0,'Active',NULL,NULL,NULL,NULL,1),(27,'Philosophy','philosophy','Philosophy',NULL,NULL,NULL,'no',0,'Active',NULL,NULL,NULL,NULL,1),(28,'Computer science','computer-science','Computer science',NULL,NULL,NULL,'no',0,'Active',NULL,NULL,NULL,NULL,1),(29,'Subcat1','subcat1','','','','','no',3,'Active','',1,'2017-03-09 13:12:09','2017-03-09 13:12:09',1),(31,'Subcat1','subcat1','','','','','no',4,'Active','',0,'2017-03-09 13:17:21','2017-03-09 13:17:21',1),(33,'Subcat2','subcat2','','','','','no',6,'Active','',0,'2017-03-09 13:18:13','2017-03-09 13:18:13',1),(34,'Subcat2','subcat2','','','','','no',9,'Active','',0,'2017-03-09 13:18:23','2017-03-09 13:18:23',1),(35,'Subcat2','subcat2','','','','','no',25,'Active','',0,'2017-03-09 13:18:34','2017-03-09 13:18:34',1);

/*Table structure for table `categories_empty` */

DROP TABLE IF EXISTS `categories_empty`;

CREATE TABLE `categories_empty` (
  `id` int(10) unsigned NOT NULL AUTO_INCREMENT,
  `title` varchar(255) COLLATE utf8_unicode_ci NOT NULL,
  `slug` varchar(255) COLLATE utf8_unicode_ci NOT NULL,
  `description` text COLLATE utf8_unicode_ci NOT NULL,
  `meta_tag_title` varchar(255) COLLATE utf8_unicode_ci NOT NULL,
  `meta_tag_description` varchar(255) COLLATE utf8_unicode_ci NOT NULL,
  `meta_tag_keywords` varchar(255) COLLATE utf8_unicode_ci NOT NULL,
  `image` varchar(255) COLLATE utf8_unicode_ci NOT NULL,
  `parent_id` int(11) NOT NULL,
  `seo_keywords` text COLLATE utf8_unicode_ci NOT NULL,
  `show_in_menu` tinyint(4) NOT NULL,
  `columns` int(11) NOT NULL,
  `sort_order` int(11) NOT NULL,
  `status` tinyint(4) NOT NULL,
  `created_at` timestamp NULL DEFAULT NULL,
  `updated_at` timestamp NULL DEFAULT NULL,
  PRIMARY KEY (`id`)
) ENGINE=InnoDB DEFAULT CHARSET=utf8 COLLATE=utf8_unicode_ci;

/*Data for the table `categories_empty` */

/*Table structure for table `countries` */

DROP TABLE IF EXISTS `countries`;

CREATE TABLE `countries` (
  `id_countries` int(3) unsigned NOT NULL AUTO_INCREMENT,
  `name` varchar(200) COLLATE utf8mb4_unicode_520_ci DEFAULT NULL,
  `iso_alpha2` varchar(2) COLLATE utf8mb4_unicode_520_ci DEFAULT NULL,
  `iso_alpha3` varchar(3) COLLATE utf8mb4_unicode_520_ci DEFAULT NULL,
  `iso_numeric` int(11) DEFAULT NULL,
  `currency_code` char(3) COLLATE utf8mb4_unicode_520_ci DEFAULT NULL,
  `currency_name` varchar(32) COLLATE utf8mb4_unicode_520_ci DEFAULT NULL,
  `currency_symbol` varchar(50) COLLATE utf8mb4_unicode_520_ci DEFAULT NULL,
  `flag` varchar(6) COLLATE utf8mb4_unicode_520_ci DEFAULT NULL,
  `phonecode` int(6) DEFAULT NULL,
  `status` enum('Active','Inactive') COLLATE utf8mb4_unicode_520_ci DEFAULT 'Active',
  PRIMARY KEY (`id_countries`)
) ENGINE=MyISAM AUTO_INCREMENT=240 DEFAULT CHARSET=utf8mb4 COLLATE=utf8mb4_unicode_520_ci;

/*Data for the table `countries` */

insert  into `countries`(`id_countries`,`name`,`iso_alpha2`,`iso_alpha3`,`iso_numeric`,`currency_code`,`currency_name`,`currency_symbol`,`flag`,`phonecode`,`status`) values (1,'Afghanistan','AF','AFG',4,'AFN','Afghani','&#x60b;','AF.png',93,'Active'),(2,'Albania','AL','ALB',8,'ALL','Lek','L','AL.png',355,'Active'),(3,'Algeria','DZ','DZA',12,'DZD','Dinar','&#x62f;.&#x62c;','DZ.png',213,'Active'),(4,'American Samoa','AS','ASM',16,'USD','Dollar','&#36;','AS.png',1684,'Active'),(5,'Andorra','AD','AND',20,'EUR','Euro','&euro;','AD.png',376,'Active'),(6,'Angola','AO','AGO',24,'AOA','Kwanza','Kz','AO.png',244,'Active'),(7,'Anguilla','AI','AIA',660,'XCD','Dollar','&#36;','AI.png',1264,'Active'),(8,'Antarctica','AQ','ATA',10,'','',NULL,'AQ.png',NULL,'Active'),(9,'Antigua and Barbuda','AG','ATG',28,'XCD','Dollar','&#36;','AG.png',1268,'Active'),(10,'Argentina','AR','ARG',32,'ARS','Peso','&#36;','AR.png',54,'Active'),(11,'Armenia','AM','ARM',51,'AMD','Dram','&#1423;','AM.png',374,'Active'),(12,'Aruba','AW','ABW',533,'AWG','Guilder','&fnof;','AW.png',297,'Active'),(13,'Australia','AU','AUS',36,'AUD','Dollar','&#36;','AU.png',61,'Active'),(14,'Austria','AT','AUT',40,'EUR','Euro','&euro;','AT.png',43,'Active'),(15,'Azerbaijan','AZ','AZE',31,'AZN','Manat','&#8380;','AZ.png',994,'Active'),(16,'Bahamas','BS','BHS',44,'BSD','Dollar','&#36;','BS.png',1242,'Active'),(17,'Bahrain','BH','BHR',48,'BHD','Dinar','.&#x62f;.&#x628;','BH.png',973,'Active'),(18,'Bangladesh','BD','BGD',50,'BDT','Taka','&#2547;&nbsp;','BD.png',880,'Active'),(19,'Barbados','BB','BRB',52,'BBD','Dollar','&#36;','BB.png',1246,'Active'),(20,'Belarus','BY','BLR',112,'BYR','Ruble','&#41015;','BY.png',375,'Active'),(21,'Belgium','BE','BEL',56,'EUR','Euro','&euro;','BE.png',32,'Active'),(22,'Belize','BZ','BLZ',84,'BZD','Dollar','&#36;','BZ.png',501,'Active'),(23,'Benin','BJ','BEN',204,'XOF','Franc','Fr','BJ.png',229,'Active'),(24,'Bermuda','BM','BMU',60,'BMD','Dollar','&#36;','BM.png',1441,'Active'),(25,'Bhutan','BT','BTN',64,'BTN','Ngultrum','Nu.','BT.png',975,'Active'),(26,'Bolivia','BO','BOL',68,'BOB','Boliviano','Bs.','BO.png',591,'Active'),(27,'Bosnia and Herzegovina','BA','BIH',70,'BAM','Marka','KM','BA.png',387,'Active'),(28,'Botswana','BW','BWA',72,'BWP','Pula','P','BW.png',267,'Active'),(29,'Bouvet Island','BV','BVT',74,'NOK','Krone','&#107;&#114;','BV.png',NULL,'Active'),(30,'Brazil','BR','BRA',76,'BRL','Real','&#82;&#36;','BR.png',55,'Active'),(31,'British Indian Ocean Territory','IO','IOT',86,'USD','Dollar','&#36;','IO.png',NULL,'Active'),(32,'British Virgin Islands','VG','VGB',92,'USD','Dollar','&#36;','VG.png',1284,'Active'),(33,'Brunei','BN','BRN',96,'BND','Dollar','&#36;','BN.png',673,'Active'),(34,'Bulgaria','BG','BGR',100,'BGN','Lev','&#1083;&#1074;.','BG.png',359,'Active'),(35,'Burkina Faso','BF','BFA',854,'XOF','Franc','Fr','BF.png',226,'Active'),(36,'Burundi','BI','BDI',108,'BIF','Franc','Fr','BI.png',257,'Active'),(37,'Cambodia','KH','KHM',116,'KHR','Riels','&#x17db;','KH.png',855,'Active'),(38,'Cameroon','CM','CMR',120,'XAF','Franc','Fr','CM.png',237,'Active'),(39,'Canada','CA','CAN',124,'CAD','Dollar','&#36;','CA.png',1,'Active'),(40,'Cape Verde','CV','CPV',132,'CVE','Escudo','&#36;','CV.png',238,'Active'),(41,'Cayman Islands','KY','CYM',136,'KYD','Dollar','&#36;','KY.png',1345,'Active'),(42,'Central African Republic','CF','CAF',140,'XAF','Franc','Fr','CF.png',236,'Active'),(43,'Chad','TD','TCD',148,'XAF','Franc','Fr','TD.png',235,'Active'),(44,'Chile','CL','CHL',152,'CLP','Peso','&#36;','CL.png',56,'Active'),(45,'China','CN','CHN',156,'CNY','Yuan Renminbi','&yen;','CN.png',86,'Active'),(46,'Christmas Island','CX','CXR',162,'AUD','Dollar','&#36;','CX.png',NULL,'Active'),(47,'Cocos Islands','CC','CCK',166,'AUD','Dollar','&#36;','CC.png',NULL,'Active'),(48,'Colombia','CO','COL',170,'COP','Peso','&#36;','CO.png',57,'Active'),(49,'Comoros','KM','COM',174,'KMF','Franc','Fr','KM.png',269,'Active'),(50,'Cook Islands','CK','COK',184,'NZD','Dollar','&#36;','CK.png',682,'Active'),(51,'Costa Rica','CR','CRI',188,'CRC','Colon','&#x20a1;','CR.png',506,'Active'),(52,'Croatia','HR','HRV',191,'HRK','Kuna','Kn','HR.png',385,'Active'),(53,'Cuba','CU','CUB',192,'CUP','Peso','&#36;','CU.png',53,'Active'),(54,'Cyprus','CY','CYP',196,'CYP','Pound',NULL,'CY.png',357,'Active'),(55,'Czech Republic','CZ','CZE',203,'CZK','Koruna','&#75;&#269;','CZ.png',420,'Active'),(56,'Democratic Republic of the Congo','CD','COD',180,'CDF','Franc','Fr','CD.png',242,'Active'),(57,'Denmark','DK','DNK',208,'DKK','Krone','DKK','DK.png',45,'Active'),(58,'Djibouti','DJ','DJI',262,'DJF','Franc','Fr','DJ.png',253,'Active'),(59,'Dominica','DM','DMA',212,'XCD','Dollar','&#36;','DM.png',1767,'Active'),(60,'Dominican Republic','DO','DOM',214,'DOP','Peso','RD&#36;','DO.png',1809,'Active'),(61,'East Timor','TL','TLS',626,'USD','Dollar','&#36;','TL.png',NULL,'Active'),(62,'Ecuador','EC','ECU',218,'USD','Dollar','&#36;','EC.png',593,'Active'),(63,'Egypt','EG','EGY',818,'EGP','Pound','EGP','EG.png',20,'Active'),(64,'El Salvador','SV','SLV',222,'SVC','Colone',NULL,'SV.png',503,'Active'),(65,'Equatorial Guinea','GQ','GNQ',226,'XAF','Franc','Fr','GQ.png',240,'Active'),(66,'Eritrea','ER','ERI',232,'ERN','Nakfa','Nfk','ER.png',291,'Active'),(67,'Estonia','EE','EST',233,'EEK','Kroon',NULL,'EE.png',372,'Active'),(68,'Ethiopia','ET','ETH',231,'ETB','Birr','Br','ET.png',251,'Active'),(69,'Falkland Islands','FK','FLK',238,'FKP','Pound','&pound;','FK.png',500,'Active'),(70,'Faroe Islands','FO','FRO',234,'DKK','Krone','DKK','FO.png',298,'Active'),(71,'Fiji','FJ','FJI',242,'FJD','Dollar','&#36;','FJ.png',679,'Active'),(72,'Finland','FI','FIN',246,'EUR','Euro','&euro;','FI.png',358,'Active'),(73,'France','FR','FRA',250,'EUR','Euro','&euro;','FR.png',33,'Active'),(74,'French Guiana','GF','GUF',254,'EUR','Euro','&euro;','GF.png',594,'Active'),(75,'French Polynesia','PF','PYF',258,'XPF','Franc','Fr','PF.png',689,'Active'),(76,'French Southern Territories','TF','ATF',260,'EUR','Euro  ','&euro;','TF.png',NULL,'Active'),(77,'Gabon','GA','GAB',266,'XAF','Franc','Fr','GA.png',241,'Active'),(78,'Gambia','GM','GMB',270,'GMD','Dalasi','D','GM.png',220,'Active'),(79,'Georgia','GE','GEO',268,'GEL','Lari','&#x10da;','GE.png',995,'Active'),(80,'Germany','DE','DEU',276,'EUR','Euro','&euro;','DE.png',49,'Active'),(81,'Ghana','GH','GHA',288,'GHC','Cedi',NULL,'GH.png',233,'Active'),(82,'Gibraltar','GI','GIB',292,'GIP','Pound','&pound;','GI.png',350,'Active'),(83,'Greece','GR','GRC',300,'EUR','Euro','&euro;','GR.png',30,'Active'),(84,'Greenland','GL','GRL',304,'DKK','Krone','DKK','GL.png',299,'Active'),(85,'Grenada','GD','GRD',308,'XCD','Dollar','&#36;','GD.png',1473,'Active'),(86,'Guadeloupe','GP','GLP',312,'EUR','Euro','&euro;','GP.png',590,'Active'),(87,'Guam','GU','GUM',316,'USD','Dollar','&#36;','GU.png',1671,'Active'),(88,'Guatemala','GT','GTM',320,'GTQ','Quetzal','Q','GT.png',502,'Active'),(89,'Guinea','GN','GIN',324,'GNF','Franc','Fr','GN.png',224,'Active'),(90,'Guinea-Bissau','GW','GNB',624,'XOF','Franc','Fr','GW.png',245,'Active'),(91,'Guyana','GY','GUY',328,'GYD','Dollar','&#36;','GY.png',592,'Active'),(92,'Haiti','HT','HTI',332,'HTG','Gourde','G','HT.png',509,'Active'),(93,'Heard Island and McDonald Islands','HM','HMD',334,'AUD','Dollar','&#36;','HM.png',NULL,'Active'),(94,'Honduras','HN','HND',340,'HNL','Lempira','L','HN.png',504,'Active'),(95,'Hong Kong','HK','HKG',344,'HKD','Dollar','&#36;','HK.png',852,'Active'),(96,'Hungary','HU','HUN',348,'HUF','Forint','&#70;&#116;','HU.png',36,'Active'),(97,'Iceland','IS','ISL',352,'ISK','Krona','kr.','IS.png',354,'Active'),(98,'India','IN','IND',356,'INR','Rupee','&#8377;','IN.png',91,'Active'),(99,'Indonesia','ID','IDN',360,'IDR','Rupiah','Rp','ID.png',62,'Active'),(100,'Iran','IR','IRN',364,'IRR','Rial','&#xfdfc;','IR.png',98,'Active'),(101,'Iraq','IQ','IRQ',368,'IQD','Dinar','&#x639;.&#x62f;','IQ.png',964,'Active'),(102,'Ireland','IE','IRL',372,'EUR','Euro','&euro;','IE.png',353,'Active'),(103,'Israel','IL','ISR',376,'ILS','Shekel','&#8362;','IL.png',972,'Active'),(104,'Italy','IT','ITA',380,'EUR','Euro','&euro;','IT.png',39,'Active'),(105,'Ivory Coast','CI','CIV',384,'XOF','Franc','Fr','CI.png',225,'Active'),(106,'Jamaica','JM','JAM',388,'JMD','Dollar','&#36;','JM.png',1876,'Active'),(107,'Japan','JP','JPN',392,'JPY','Yen','&yen;','JP.png',81,'Active'),(108,'Jordan','JO','JOR',400,'JOD','Dinar','&#x62f;.&#x627;','JO.png',962,'Active'),(109,'Kazakhstan','KZ','KAZ',398,'KZT','Tenge','KZT','KZ.png',7,'Active'),(110,'Kenya','KE','KEN',404,'KES','Shilling','KSh','KE.png',254,'Active'),(111,'Kiribati','KI','KIR',296,'AUD','Dollar','&#36;','KI.png',686,'Active'),(112,'Kuwait','KW','KWT',414,'KWD','Dinar','&#x62f;.&#x643;','KW.png',965,'Active'),(113,'Kyrgyzstan','KG','KGZ',417,'KGS','Som','&#x441;&#x43e;&#x43c;','KG.png',996,'Active'),(114,'Laos','LA','LAO',418,'LAK','Kip','&#8365;','LA.png',856,'Active'),(115,'Latvia','LV','LVA',428,'LVL','Lat',NULL,'LV.png',371,'Active'),(116,'Lebanon','LB','LBN',422,'LBP','Pound','&#x644;.&#x644;','LB.png',961,'Active'),(117,'Lesotho','LS','LSO',426,'LSL','Loti','L','LS.png',266,'Active'),(118,'Liberia','LR','LBR',430,'LRD','Dollar','&#36;','LR.png',231,'Active'),(119,'Libya','LY','LBY',434,'LYD','Dinar','&#x644;.&#x62f;','LY.png',218,'Active'),(120,'Liechtenstein','LI','LIE',438,'CHF','Franc','&#67;&#72;&#70;','LI.png',423,'Active'),(121,'Lithuania','LT','LTU',440,'LTL','Litas',NULL,'LT.png',370,'Active'),(122,'Luxembourg','LU','LUX',442,'EUR','Euro','&euro;','LU.png',352,'Active'),(123,'Macao','MO','MAC',446,'MOP','Pataca','P','MO.png',853,'Active'),(124,'Macedonia','MK','MKD',807,'MKD','Denar','&#x434;&#x435;&#x43d;','MK.png',389,'Active'),(125,'Madagascar','MG','MDG',450,'MGA','Ariary','Ar','MG.png',261,'Active'),(126,'Malawi','MW','MWI',454,'MWK','Kwacha','MK','MW.png',265,'Active'),(127,'Malaysia','MY','MYS',458,'MYR','Ringgit','&#82;&#77;','MY.png',60,'Active'),(128,'Maldives','MV','MDV',462,'MVR','Rufiyaa','.&#x783;','MV.png',960,'Active'),(129,'Mali','ML','MLI',466,'XOF','Franc','Fr','ML.png',223,'Active'),(130,'Malta','MT','MLT',470,'MTL','Lira',NULL,'MT.png',356,'Active'),(131,'Marshall Islands','MH','MHL',584,'USD','Dollar','&#36;','MH.png',692,'Active'),(132,'Martinique','MQ','MTQ',474,'EUR','Euro','&euro;','MQ.png',596,'Active'),(133,'Mauritania','MR','MRT',478,'MRO','Ouguiya','UM','MR.png',222,'Active'),(134,'Mauritius','MU','MUS',480,'MUR','Rupee','&#x20a8;','MU.png',230,'Active'),(135,'Mayotte','YT','MYT',175,'EUR','Euro','&euro;','YT.png',NULL,'Active'),(136,'Mexico','MX','MEX',484,'MXN','Peso','&#36;','MX.png',52,'Active'),(137,'Micronesia','FM','FSM',583,'USD','Dollar','&#36;','FM.png',691,'Active'),(138,'Moldova','MD','MDA',498,'MDL','Leu','L','MD.png',373,'Active'),(139,'Monaco','MC','MCO',492,'EUR','Euro','&euro;','MC.png',377,'Active'),(140,'Mongolia','MN','MNG',496,'MNT','Tugrik','&#x20ae;','MN.png',976,'Active'),(141,'Montserrat','MS','MSR',500,'XCD','Dollar','&#36;','MS.png',1664,'Active'),(142,'Morocco','MA','MAR',504,'MAD','Dirham','&#x62f;.&#x645;.','MA.png',212,'Active'),(143,'Mozambique','MZ','MOZ',508,'MZN','Meticail','MT','MZ.png',258,'Active'),(144,'Myanmar','MM','MMR',104,'MMK','Kyat','Ks','MM.png',95,'Active'),(145,'Namibia','NA','NAM',516,'NAD','Dollar','&#36;','NA.png',264,'Active'),(146,'Nauru','NR','NRU',520,'AUD','Dollar','&#36;','NR.png',674,'Active'),(147,'Nepal','NP','NPL',524,'NPR','Rupee','&#8360;','NP.png',977,'Active'),(148,'Netherlands','NL','NLD',528,'EUR','Euro','&euro;','NL.png',31,'Active'),(149,'Netherlands Antilles','AN','ANT',530,'ANG','Guilder','&fnof;','AN.png',599,'Active'),(150,'New Caledonia','NC','NCL',540,'XPF','Franc','Fr','NC.png',687,'Active'),(151,'New Zealand','NZ','NZL',554,'NZD','Dollar','&#36;','NZ.png',64,'Active'),(152,'Nicaragua','NI','NIC',558,'NIO','Cordoba','C&#36;','NI.png',505,'Active'),(153,'Niger','NE','NER',562,'XOF','Franc','Fr','NE.png',227,'Active'),(154,'Nigeria','NG','NGA',566,'NGN','Naira','&#8358;','NG.png',234,'Active'),(155,'Niue','NU','NIU',570,'NZD','Dollar','&#36;','NU.png',683,'Active'),(156,'Norfolk Island','NF','NFK',574,'AUD','Dollar','&#36;','NF.png',672,'Active'),(157,'North Korea','KP','PRK',408,'KPW','Won','&#x20a9;','KP.png',850,'Active'),(158,'Northern Mariana Islands','MP','MNP',580,'USD','Dollar','&#36;','MP.png',1670,'Active'),(159,'Norway','NO','NOR',578,'NOK','Krone','&#107;&#114;','NO.png',47,'Active'),(160,'Oman','OM','OMN',512,'OMR','Rial','&#x631;.&#x639;.','OM.png',968,'Active'),(161,'Pakistan','PK','PAK',586,'PKR','Rupee','&#8360;','PK.png',92,'Active'),(162,'Palau','PW','PLW',585,'USD','Dollar','&#36;','PW.png',680,'Active'),(163,'Palestinian Territory','PS','PSE',275,'ILS','Shekel','&#8362;','PS.png',NULL,'Active'),(164,'Panama','PA','PAN',591,'PAB','Balboa','B/.','PA.png',507,'Active'),(165,'Papua New Guinea','PG','PNG',598,'PGK','Kina','K','PG.png',675,'Active'),(166,'Paraguay','PY','PRY',600,'PYG','Guarani','&#8370;','PY.png',595,'Active'),(167,'Peru','PE','PER',604,'PEN','Sol','S/.','PE.png',51,'Active'),(168,'Philippines','PH','PHL',608,'PHP','Peso','&#8369;','PH.png',63,'Active'),(169,'Pitcairn','PN','PCN',612,'NZD','Dollar','&#36;','PN.png',0,'Active'),(170,'Poland','PL','POL',616,'PLN','Zloty','&#122;&#322;','PL.png',48,'Active'),(171,'Portugal','PT','PRT',620,'EUR','Euro','&euro;','PT.png',351,'Active'),(172,'Puerto Rico','PR','PRI',630,'USD','Dollar','&#36;','PR.png',1787,'Active'),(173,'Qatar','QA','QAT',634,'QAR','Rial','&#x631;.&#x642;','QA.png',974,'Active'),(174,'Republic of the Congo','CG','COG',178,'XAF','Franc','Fr','CG.png',242,'Active'),(175,'Reunion','RE','REU',638,'EUR','Euro','&euro;','RE.png',262,'Active'),(176,'Romania','RO','ROU',642,'RON','Leu','lei','RO.png',NULL,'Active'),(177,'Russia','RU','RUS',643,'RUB','Ruble','&#8381;','RU.png',70,'Active'),(178,'Rwanda','RW','RWA',646,'RWF','Franc','Fr','RW.png',250,'Active'),(179,'Saint Helena','SH','SHN',654,'SHP','Pound','&pound;','SH.png',290,'Active'),(180,'Saint Kitts and Nevis','KN','KNA',659,'XCD','Dollar','&#36;','KN.png',1869,'Active'),(181,'Saint Lucia','LC','LCA',662,'XCD','Dollar','&#36;','LC.png',1758,'Active'),(182,'Saint Pierre and Miquelon','PM','SPM',666,'EUR','Euro','&euro;','PM.png',508,'Active'),(183,'Saint Vincent and the Grenadines','VC','VCT',670,'XCD','Dollar','&#36;','VC.png',1784,'Active'),(184,'Samoa','WS','WSM',882,'WST','Tala','T','WS.png',684,'Active'),(185,'San Marino','SM','SMR',674,'EUR','Euro','&euro;','SM.png',378,'Active'),(186,'Sao Tome and Principe','ST','STP',678,'STD','Dobra','Db','ST.png',239,'Active'),(187,'Saudi Arabia','SA','SAU',682,'SAR','Rial','&#x631;.&#x633;','SA.png',966,'Active'),(188,'Senegal','SN','SEN',686,'XOF','Franc','Fr','SN.png',221,'Active'),(189,'Serbia and Montenegro','CS','SCG',891,'RSD','Dinar','&#x434;&#x438;&#x43d;.','CS.png',NULL,'Active'),(190,'Seychelles','SC','SYC',690,'SCR','Rupee','&#x20a8;','SC.png',248,'Active'),(191,'Sierra Leone','SL','SLE',694,'SLL','Leone','Le','SL.png',232,'Active'),(192,'Singapore','SG','SGP',702,'SGD','Dollar','&#36;','SG.png',65,'Active'),(193,'Slovakia','SK','SVK',703,'SKK','Koruna',NULL,'SK.png',421,'Active'),(194,'Slovenia','SI','SVN',705,'EUR','Euro','&euro;','SI.png',386,'Active'),(195,'Solomon Islands','SB','SLB',90,'SBD','Dollar','&#36;','SB.png',677,'Active'),(196,'Somalia','SO','SOM',706,'SOS','Shilling','Sh','SO.png',252,'Active'),(197,'South Africa','ZA','ZAF',710,'ZAR','Rand','&#82;','ZA.png',27,'Active'),(198,'South Georgia and the South Sandwich Islands','GS','SGS',239,'GBP','Pound','&pound;','GS.png',NULL,'Active'),(199,'South Korea','KR','KOR',410,'KRW','Won','&#8361;','KR.png',82,'Active'),(200,'Spain','ES','ESP',724,'EUR','Euro','&euro;','ES.png',34,'Active'),(201,'Sri Lanka','LK','LKA',144,'LKR','Rupee','&#xdbb;&#xdd4;','LK.png',94,'Active'),(202,'Sudan','SD','SDN',736,'SDD','Dinar',NULL,'SD.png',249,'Active'),(203,'Suriname','SR','SUR',740,'SRD','Dollar','&#36;','SR.png',597,'Active'),(204,'Svalbard and Jan Mayen','SJ','SJM',744,'NOK','Krone','&#107;&#114;','SJ.png',47,'Active'),(205,'Swaziland','SZ','SWZ',748,'SZL','Lilangeni','L','SZ.png',268,'Active'),(206,'Sweden','SE','SWE',752,'SEK','Krona','&#107;&#114;','SE.png',46,'Active'),(207,'Switzerland','CH','CHE',756,'CHF','Franc','&#67;&#72;&#70;','CH.png',41,'Active'),(208,'Syria','SY','SYR',760,'SYP','Pound','&#x644;.&#x633;','SY.png',963,'Active'),(209,'Taiwan','TW','TWN',158,'TWD','Dollar','&#78;&#84;&#36;','TW.png',886,'Active'),(210,'Tajikistan','TJ','TJK',762,'TJS','Somoni','&#x405;&#x41c;','TJ.png',992,'Active'),(211,'Tanzania','TZ','TZA',834,'TZS','Shilling','Sh','TZ.png',255,'Active'),(212,'Thailand','TH','THA',764,'THB','Baht','&#3647;','TH.png',66,'Active'),(213,'Togo','TG','TGO',768,'XOF','Franc','Fr','TG.png',228,'Active'),(214,'Tokelau','TK','TKL',772,'NZD','Dollar','&#36;','TK.png',690,'Active'),(215,'Tonga','TO','TON',776,'TOP','Pa\'anga','T&#36;','TO.png',676,'Active'),(216,'Trinidad and Tobago','TT','TTO',780,'TTD','Dollar','&#36;','TT.png',1868,'Active'),(217,'Tunisia','TN','TUN',788,'TND','Dinar','&#x62f;.&#x62a;','TN.png',216,'Active'),(218,'Turkey','TR','TUR',792,'TRY','Lira','&#8378;','TR.png',90,'Active'),(219,'Turkmenistan','TM','TKM',795,'TMM','Manat',NULL,'TM.png',7370,'Active'),(220,'Turks and Caicos Islands','TC','TCA',796,'USD','Dollar','&#36;','TC.png',1649,'Active'),(221,'Tuvalu','TV','TUV',798,'AUD','Dollar','&#36;','TV.png',688,'Active'),(222,'U.S. Virgin Islands','VI','VIR',850,'USD','Dollar','&#36;','VI.png',1340,'Active'),(223,'Uganda','UG','UGA',800,'UGX','Shilling','UGX','UG.png',256,'Active'),(224,'Ukraine','UA','UKR',804,'UAH','Hryvnia','&#8372;','UA.png',380,'Active'),(225,'United Arab Emirates','AE','ARE',784,'AED','Dirham','&#x62f;.&#x625;','AE.png',971,'Active'),(226,'United Kingdom','GB','GBR',826,'GBP','Pound','&pound;','GB.png',44,'Active'),(227,'United States','US','USA',840,'USD','Dollar','&#36;','US.png',1,'Active'),(228,'United States Minor Outlying Islands','UM','UMI',581,'USD','Dollar ','&#36;','UM.png',NULL,'Active'),(229,'Uruguay','UY','URY',858,'UYU','Peso','&#36;','UY.png',598,'Active'),(230,'Uzbekistan','UZ','UZB',860,'UZS','Som','UZS','UZ.png',998,'Active'),(231,'Vanuatu','VU','VUT',548,'VUV','Vatu','Vt','VU.png',678,'Active'),(232,'Vatican','VA','VAT',336,'EUR','Euro','&euro;','VA.png',39,'Active'),(233,'Venezuela','VE','VEN',862,'VEF','Bolivar','Bs F','VE.png',58,'Active'),(234,'Vietnam','VN','VNM',704,'VND','Dong','&#8363;','VN.png',84,'Active'),(235,'Wallis and Futuna','WF','WLF',876,'XPF','Franc','Fr','WF.png',681,'Active'),(236,'Western Sahara','EH','ESH',732,'MAD','Dirham','&#x62f;.&#x645;.','EH.png',212,'Active'),(237,'Yemen','YE','YEM',887,'YER','Rial','&#xfdfc;','YE.png',967,'Active'),(238,'Zambia','ZM','ZMB',894,'ZMK','Kwacha',NULL,'ZM.png',260,'Active'),(239,'Zimbabwe','ZW','ZWE',716,'ZWD','Dollar',NULL,'ZW.png',263,'Active');

/*Table structure for table `coupons` */

DROP TABLE IF EXISTS `coupons`;

CREATE TABLE `coupons` (
  `id` int(11) NOT NULL AUTO_INCREMENT,
  `title` varchar(256) DEFAULT NULL,
  `slug` varchar(256) NOT NULL,
  `description` text,
  `code` varchar(20) NOT NULL,
  `type` enum('percent','value') NOT NULL DEFAULT 'value',
  `value` decimal(10,0) NOT NULL,
  `start_date` datetime DEFAULT NULL,
  `end_date` datetime DEFAULT NULL,
  `minimum_amount` decimal(10,0) DEFAULT NULL,
  `max_users` int(11) DEFAULT NULL,
  `user_once_per_customer` enum('Yes','No') DEFAULT 'No',
  `categories` text,
  `exclude_products` text,
  `created_at` timestamp NULL DEFAULT NULL,
  `updated_at` timestamp NULL DEFAULT NULL,
  `status` enum('Active','Inactive') NOT NULL DEFAULT 'Active',
  `user_created` int(11) DEFAULT NULL,
  PRIMARY KEY (`id`)
) ENGINE=InnoDB AUTO_INCREMENT=3 DEFAULT CHARSET=latin1;

/*Data for the table `coupons` */

insert  into `coupons`(`id`,`title`,`slug`,`description`,`code`,`type`,`value`,`start_date`,`end_date`,`minimum_amount`,`max_users`,`user_once_per_customer`,`categories`,`exclude_products`,`created_at`,`updated_at`,`status`,`user_created`) values (1,'Festaval Offer','festaval-offer','<p>ffasfafaasd</p>\r\n','321456','percent',50,'2017-03-15 14:12:00','2017-03-24 15:17:00',20,0,'Yes','[\"4\",\"6\"]','null','2017-03-07 10:01:18','2017-03-23 12:26:21','Active',1),(2,'Test Coupon','test-coupon','<p>test</p>\r\n','TEST','percent',20,'2017-03-22 00:00:00','2017-08-31 00:00:00',2,5,'Yes','[\"2\",\"3\",\"4\",\"5\",\"6\",\"9\",\"10\",\"29\"]','null','2017-03-22 12:15:28','2017-03-22 12:15:28','Active',1);

/*Table structure for table `emailtemplates` */

DROP TABLE IF EXISTS `emailtemplates`;

CREATE TABLE `emailtemplates` (
  `id` int(10) unsigned NOT NULL AUTO_INCREMENT,
  `title` varchar(255) COLLATE utf8_unicode_ci NOT NULL,
  `slug` varchar(255) COLLATE utf8_unicode_ci NOT NULL,
  `type` enum('header','footer','content') COLLATE utf8_unicode_ci NOT NULL DEFAULT 'content',
  `subject` varchar(255) COLLATE utf8_unicode_ci NOT NULL,
  `content` text COLLATE utf8_unicode_ci NOT NULL,
  `from_email` varchar(50) COLLATE utf8_unicode_ci DEFAULT NULL,
  `from_name` varchar(50) COLLATE utf8_unicode_ci DEFAULT NULL,
  `record_updated_by` int(50) NOT NULL,
  `created_at` timestamp NULL DEFAULT NULL,
  `updated_at` timestamp NULL DEFAULT NULL,
  `related_to` varchar(20) COLLATE utf8_unicode_ci DEFAULT NULL,
  PRIMARY KEY (`id`)
) ENGINE=InnoDB AUTO_INCREMENT=9 DEFAULT CHARSET=utf8 COLLATE=utf8_unicode_ci;

/*Data for the table `emailtemplates` */

insert  into `emailtemplates`(`id`,`title`,`slug`,`type`,`subject`,`content`,`from_email`,`from_name`,`record_updated_by`,`created_at`,`updated_at`,`related_to`) values (1,'header','header','header','header','<p>Email</p>\r\n\r\n<div class=\"block\"><!-- Start of preheader -->\r\n<table border=\"0\" cellpadding=\"0\" cellspacing=\"0\" id=\"backgroundTable\" style=\"width:100%\">\r\n	<tbody>\r\n		<tr>\r\n			<td>\r\n			<table align=\"center\" border=\"0\" cellpadding=\"0\" cellspacing=\"0\" class=\"devicewidth\" style=\"width:580px\">\r\n				<tbody><!-- Spacing -->\r\n					<tr>\r\n						<td>&nbsp;</td>\r\n					</tr>\r\n					<!-- Spacing -->\r\n					<tr>\r\n						<td>If you cannot read this email, please <a class=\"hlite\" href=\"#\" style=\"text-decoration: none; color: #0db9ea\"> click here </a></td>\r\n					</tr>\r\n					<!-- Spacing -->\r\n					<tr>\r\n						<td>&nbsp;</td>\r\n					</tr>\r\n					<!-- Spacing -->\r\n				</tbody>\r\n			</table>\r\n			</td>\r\n		</tr>\r\n	</tbody>\r\n</table>\r\n<!-- End of preheader --></div>\r\n\r\n<div class=\"block\"><!-- start of header -->\r\n<table border=\"0\" cellpadding=\"0\" cellspacing=\"0\" id=\"backgroundTable\" style=\"width:100%\">\r\n	<tbody>\r\n		<tr>\r\n			<td>\r\n			<table align=\"center\" border=\"0\" cellpadding=\"0\" cellspacing=\"0\" class=\"devicewidth\" style=\"border-bottom:1px solid #0db9ea; width:580px\">\r\n				<tbody>\r\n					<tr>\r\n						<td><!-- logo -->\r\n						<table align=\"left\" border=\"0\" cellpadding=\"0\" cellspacing=\"0\" class=\"devicewidth\" style=\"width:280px\">\r\n							<tbody>\r\n								<tr>\r\n									<td>\r\n									<div class=\"imgpop\"><a href=\"#\"><img alt=\"logo\" class=\"logo\" src=\"http://conquerorslabs.com/exam2/public/uploads/settings/eKFhxlkXcMtX5xW.png\" style=\"border:none; display:block; outline:none; text-decoration:none\" /> </a></div>\r\n									</td>\r\n								</tr>\r\n							</tbody>\r\n						</table>\r\n						<!-- End of logo --><!-- menu -->\r\n\r\n						<table align=\"right\" border=\"0\" cellpadding=\"0\" cellspacing=\"0\" class=\"devicewidth\" style=\"width:280px\">\r\n							<tbody>\r\n								<tr>\r\n									<td><a href=\"#\" style=\"text-decoration: none; color: #ffffff;\">HOME </a> | <a href=\"#\" style=\"text-decoration: none; color: #ffffff;\"> ABOUT </a> | <a href=\"#\" style=\"text-decoration: none; color: #ffffff;\"> SHOP </a></td>\r\n									<td>&nbsp;</td>\r\n								</tr>\r\n							</tbody>\r\n						</table>\r\n						<!-- End of Menu --></td>\r\n					</tr>\r\n				</tbody>\r\n			</table>\r\n			</td>\r\n		</tr>\r\n	</tbody>\r\n</table>\r\n<!-- end of header --></div>\r\n','no@noemail.com','Test',1,'2016-07-19 11:53:14','2016-10-18 19:54:33','basic_system'),(2,'footer','footer','footer','footer','<div class=\"block\">\r\n    <!-- Start of preheader -->\r\n    <table bgcolor=\"#f6f4f5\" border=\"0\" cellpadding=\"0\" cellspacing=\"0\" id=\"backgroundTable\" st-sortable=\"postfooter\" width=\"100%\">\r\n        <tbody>\r\n            <tr>\r\n                <td width=\"100%\">\r\n                    <table align=\"center\" border=\"0\" cellpadding=\"0\" cellspacing=\"0\" class=\"devicewidth\" width=\"580\">\r\n                        <tbody>\r\n                            <!-- Spacing -->\r\n                            <tr>\r\n                                <td height=\"5\" width=\"100%\">\r\n                                </td>\r\n                            </tr>\r\n                            <!-- Spacing -->\r\n                            <tr>\r\n                                <td align=\"center\" st-content=\"preheader\" style=\"font-family: Helvetica, arial, sans-serif; font-size: 10px;color: #999999\" valign=\"middle\">\r\n                                    If you don\'t want to receive updates. please\r\n                                    <a class=\"hlite\" href=\"#\" style=\"text-decoration: none; color: #0db9ea\">\r\n                                        unsubscribe\r\n                                    </a>\r\n                                </td>\r\n                            </tr>\r\n                            <!-- Spacing -->\r\n                            <tr>\r\n                                <td height=\"5\" width=\"100%\">\r\n                                </td>\r\n                            </tr>\r\n                            <!-- Spacing -->\r\n                        </tbody>\r\n                    </table>\r\n                </td>\r\n            </tr>\r\n        </tbody>\r\n    </table>\r\n    <!-- End of preheader -->\r\n</div>','no@noemail.com','Test',2,'2016-07-19 11:54:08','2016-07-19 12:00:21','basic_system'),(3,'exam-result','exam-result','content','Exam Result','<div class=\"block\">\r\n   <!-- Full + text -->\r\n   <table width=\"100%\" bgcolor=\"#f6f4f5\" cellpadding=\"0\" cellspacing=\"0\" border=\"0\" id=\"backgroundTable\" st-sortable=\"fullimage\">\r\n      <tbody>\r\n         <tr>\r\n            <td>\r\n               <table bgcolor=\"#ffffff\" width=\"580\" align=\"center\" cellspacing=\"0\" cellpadding=\"0\" border=\"0\" class=\"devicewidth\" modulebg=\"edit\">\r\n                  <tbody>\r\n                     <tr>\r\n                        <td width=\"100%\" height=\"20\"></td>\r\n                     </tr>\r\n                     <tr>\r\n                        <td>\r\n                           <table width=\"540\" align=\"center\" cellspacing=\"0\" cellpadding=\"0\" border=\"0\" class=\"devicewidthinner\">\r\n                              <tbody>\r\n                                 <!-- title -->\r\n                                 <tr>\r\n                                    <td style=\"font-family: Helvetica, arial, sans-serif; font-size: 18px; color: #333333; text-align:left;line-height: 20px;\" st-title=\"rightimage-title\"> LOREM IPSUM </td>\r\n                                 </tr>\r\n                                 <!-- end of title -->\r\n                                 <!-- Spacing -->\r\n                                 <tr>\r\n                                    <td width=\"100%\" height=\"10\"></td>\r\n                                 </tr>\r\n                                 <!-- Spacing -->\r\n                                 <!-- content -->\r\n                                 <tr>\r\n                                    <td style=\"font-family: Helvetica, arial, sans-serif; font-size: 13px; color: #666666; text-align:left;line-height: 24px;\" st-content=\"rightimage-paragraph\"> {{ $content }} </td>\r\n                                 </tr>\r\n                                 <!-- end of content -->\r\n                                 <!-- Spacing -->\r\n                                 <tr>\r\n                                    <td width=\"100%\" height=\"10\"></td>\r\n                                 </tr>\r\n                                 \r\n                                 <!-- Spacing -->\r\n                                 <tr>\r\n                                    <td width=\"100%\" height=\"10\"></td>\r\n                                 </tr>\r\n                                 <!-- button -->\r\n                                 <tr>\r\n                                    <td>\r\n                                       <table height=\"30\" align=\"left\" valign=\"middle\" border=\"0\" cellpadding=\"0\" cellspacing=\"0\" class=\"tablet-button\" st-button=\"edit\">\r\n                                          <tbody>\r\n                                             <tr>\r\n                                                <td width=\"auto\" align=\"center\" valign=\"middle\" height=\"30\" style=\" background-color:#0db9ea; border-top-left-radius:4px; border-bottom-left-radius:4px;border-top-right-radius:4px; border-bottom-right-radius:4px; background-clip: padding-box;font-size:13px; font-family:Helvetica, arial, sans-serif; text-align:center;  color:#ffffff; font-weight: 300; padding-left:18px; padding-right:18px;\"> <span style=\"color: #ffffff; font-weight: 300;\">\r\n                                                   <a style=\"color: #ffffff; text-align:center;text-decoration: none;\" href=\"#\">Read More</a>\r\n                                                   </span> \r\n                                                </td>\r\n                                             </tr>\r\n                                          </tbody>\r\n                                       </table>\r\n                                    </td>\r\n                                 </tr>\r\n                                 <!-- /button -->\r\n                                 <!-- Spacing -->\r\n                                 <tr>\r\n                                    <td width=\"100%\" height=\"20\"></td>\r\n                                 </tr>\r\n                                 <!-- Spacing -->\r\n                              </tbody>\r\n                           </table>\r\n                        </td>\r\n                     </tr>\r\n                  </tbody>\r\n               </table>\r\n            </td>\r\n         </tr>\r\n      </tbody>\r\n   </table>\r\n</div>','admin@gmail.com','Test',2,'2016-07-19 12:07:51','2016-07-19 12:07:51',NULL),(4,'registration','registration','','Welcome','<!-- Full + text -->\r\n<table border=\"0\" cellpadding=\"0\" cellspacing=\"0\" style=\"width:100%\">\r\n	<tbody>\r\n		<tr>\r\n			<td>\r\n			<table align=\"center\" border=\"0\" cellpadding=\"0\" cellspacing=\"0\" style=\"width:580px\">\r\n				<tbody>\r\n					<tr>\r\n						<td>&nbsp;</td>\r\n					</tr>\r\n					<tr>\r\n						<td>\r\n						<table align=\"center\" border=\"0\" cellpadding=\"0\" cellspacing=\"0\" style=\"width:540px\">\r\n							<tbody><!-- title -->\r\n								<tr>\r\n									<td style=\"text-align:left\">&nbsp;</td>\r\n								</tr>\r\n								<!-- end of title --><!-- Spacing -->\r\n								<tr>\r\n									<td>&nbsp;</td>\r\n								</tr>\r\n								<!-- Spacing --><!-- content -->\r\n								<tr>\r\n									<td style=\"text-align:left\">\r\n									<p>Dear {{ $username }},<br />\r\n									You have successfully registered with Academia. Enjoy the facilities provided by our system.</p>\r\n									\r\n									<p>Click <a href=\"{{URL_USERS_CONFIRM . \'/\' . $confirmation_code}}\">here</a> to activate your account</p>\r\n									\r\n									<p>User Name : {{ $username }}</p>\r\n									<p>Password : {{ $password }}</p>\r\n									\r\n									\r\n\r\n									<p>Please contact admin for further details.</p>\r\n									</td>\r\n								</tr>\r\n								<!-- end of content --><!-- Spacing -->\r\n								<tr>\r\n									<td>&nbsp;</td>\r\n								</tr>\r\n								<!-- Spacing -->\r\n								<tr>\r\n									<td>&nbsp;</td>\r\n								</tr>\r\n								<!-- button -->\r\n								<tr>\r\n									<td>\r\n									<table align=\"left\" border=\"0\" cellpadding=\"0\" cellspacing=\"0\" style=\"height:30px\">\r\n										<tbody>\r\n											<tr>\r\n												<td style=\"background-color:#0db9ea; text-align:justify\"><a href=\"#\">Read More</a></td>\r\n											</tr>\r\n										</tbody>\r\n									</table>\r\n									</td>\r\n								</tr>\r\n								<!-- /button --><!-- Spacing -->\r\n								<tr>\r\n									<td>&nbsp;</td>\r\n								</tr>\r\n								<!-- Spacing -->\r\n							</tbody>\r\n						</table>\r\n						</td>\r\n					</tr>\r\n				</tbody>\r\n			</table>\r\n			</td>\r\n		</tr>\r\n	</tbody>\r\n</table>\r\n','admin@academia.com','Academia Admin',1,'2016-07-29 09:18:18','2016-10-20 01:40:05','basic_system'),(5,'subscription','subscription','','Subscription Successfull','<div class=\"block\"><!-- Full + text -->\r\n<table border=\"0\" cellpadding=\"0\" cellspacing=\"0\" id=\"backgroundTable\" style=\"width:100%\">\r\n	<tbody>\r\n		<tr>\r\n			<td>\r\n			<table align=\"center\" border=\"0\" cellpadding=\"0\" cellspacing=\"0\" class=\"devicewidth\" style=\"width:580px\">\r\n				<tbody>\r\n					<tr>\r\n						<td>&nbsp;</td>\r\n					</tr>\r\n					<tr>\r\n						<td>\r\n						<table align=\"center\" border=\"0\" cellpadding=\"0\" cellspacing=\"0\" class=\"devicewidthinner\" style=\"width:540px\">\r\n							<tbody><!-- title -->\r\n								<tr>\r\n									<td style=\"text-align:left\">&nbsp;</td>\r\n								</tr>\r\n								<!-- end of title --><!-- Spacing -->\r\n								<tr>\r\n									<td>&nbsp;</td>\r\n								</tr>\r\n								<!-- Spacing --><!-- content -->\r\n								<tr>\r\n									<td style=\"text-align:left\">Dear {{ $username }},<br />\r\n									You have successfully subscribed to {{ ucfirst($plan)}} plan with transaction {{$id}}. Enjoy the facilities provided by our system.</td>\r\n								</tr>\r\n								<!-- end of content --><!-- Spacing -->\r\n								<tr>\r\n									<td>&nbsp;</td>\r\n								</tr>\r\n								<!-- Spacing -->\r\n								<tr>\r\n									<td>&nbsp;</td>\r\n								</tr>\r\n								<!-- button -->\r\n								<tr>\r\n									<td>\r\n									<table align=\"left\" border=\"0\" cellpadding=\"0\" cellspacing=\"0\" class=\"tablet-button\" style=\"height:30px\">\r\n										<tbody>\r\n											<tr>\r\n												<td style=\"background-color:#0db9ea; text-align:center\"><span style=\"color:#ffffff\"><a href=\"#\" style=\"color: #ffffff; text-align:center;text-decoration: none;\">Read More</a> </span></td>\r\n											</tr>\r\n										</tbody>\r\n									</table>\r\n									</td>\r\n								</tr>\r\n								<!-- /button --><!-- Spacing -->\r\n								<tr>\r\n									<td>&nbsp;</td>\r\n								</tr>\r\n								<!-- Spacing -->\r\n							</tbody>\r\n						</table>\r\n						</td>\r\n					</tr>\r\n				</tbody>\r\n			</table>\r\n			</td>\r\n		</tr>\r\n	</tbody>\r\n</table>\r\n</div>\r\n','admin@academia.com','Jack',1,'2016-08-03 06:30:58','2016-09-03 07:29:12',NULL),(6,'offline_subscription_failed','offline-subscription-failed','','Offline Subscription Failed','<div class=\"block\"><!-- Full + text -->\r\n<table border=\"0\" cellpadding=\"0\" cellspacing=\"0\" id=\"backgroundTable\" style=\"width:100%\">\r\n	<tbody>\r\n		<tr>\r\n			<td>\r\n			<table align=\"center\" border=\"0\" cellpadding=\"0\" cellspacing=\"0\" class=\"devicewidth\" style=\"width:580px\">\r\n				<tbody>\r\n					<tr>\r\n						<td>&nbsp;</td>\r\n					</tr>\r\n					<tr>\r\n						<td>\r\n						<table align=\"center\" border=\"0\" cellpadding=\"0\" cellspacing=\"0\" class=\"devicewidthinner\" style=\"width:540px\">\r\n							<tbody><!-- title -->\r\n								<tr>\r\n									<td style=\"text-align:left\">&nbsp;</td>\r\n								</tr>\r\n								<!-- end of title --><!-- Spacing -->\r\n								<tr>\r\n									<td>&nbsp;</td>\r\n								</tr>\r\n								<!-- Spacing --><!-- content -->\r\n								<tr>\r\n									<td style=\"text-align:left\">\r\n									<p>Dear {{ $username }},<br />\r\n									Your attempt for offline subscription to {{ ucfirst($plan)}} plan is failed.</p>\r\n\r\n									<p>Please find the admin comment</p>\r\n\r\n									<p><u><strong>Admin Comment:</strong></u></p>\r\n\r\n									<p>&nbsp;{{$admin_comment}}.</p>\r\n\r\n									<p>Please contact admin for further details.</p>\r\n									</td>\r\n								</tr>\r\n								<!-- end of content --><!-- Spacing -->\r\n								<tr>\r\n									<td>&nbsp;</td>\r\n								</tr>\r\n								<!-- Spacing -->\r\n								<tr>\r\n									<td>&nbsp;</td>\r\n								</tr>\r\n								<!-- button -->\r\n								<tr>\r\n									<td>\r\n									<table align=\"left\" border=\"0\" cellpadding=\"0\" cellspacing=\"0\" class=\"tablet-button\" style=\"height:30px\">\r\n										<tbody>\r\n											<tr>\r\n												<td style=\"background-color:#0db9ea; text-align:center\"><span style=\"color:#ffffff\"><a href=\"#\" style=\"color: #ffffff; text-align:center;text-decoration: none;\">Read More</a> </span></td>\r\n											</tr>\r\n										</tbody>\r\n									</table>\r\n									</td>\r\n								</tr>\r\n								<!-- /button --><!-- Spacing -->\r\n								<tr>\r\n									<td>&nbsp;</td>\r\n								</tr>\r\n								<!-- Spacing -->\r\n							</tbody>\r\n						</table>\r\n						</td>\r\n					</tr>\r\n				</tbody>\r\n			</table>\r\n			</td>\r\n		</tr>\r\n	</tbody>\r\n</table>\r\n</div>\r\n','admin@academia.com','Admin',1,'2016-10-15 16:01:47','2016-10-18 20:06:14',NULL),(7,'offline_subscription_success','offline-subscription-success','','Offline Subscription Success','<div class=\"block\"><!-- Full + text -->\r\n<table border=\"0\" cellpadding=\"0\" cellspacing=\"0\" id=\"backgroundTable\" style=\"width:100%\">\r\n	<tbody>\r\n		<tr>\r\n			<td>\r\n			<table align=\"center\" border=\"0\" cellpadding=\"0\" cellspacing=\"0\" class=\"devicewidth\" style=\"width:580px\">\r\n				<tbody>\r\n					<tr>\r\n						<td>&nbsp;</td>\r\n					</tr>\r\n					<tr>\r\n						<td>\r\n						<table align=\"center\" border=\"0\" cellpadding=\"0\" cellspacing=\"0\" class=\"devicewidthinner\" style=\"width:540px\">\r\n							<tbody><!-- title -->\r\n								<tr>\r\n									<td style=\"text-align:left\">&nbsp;</td>\r\n								</tr>\r\n								<!-- end of title --><!-- Spacing -->\r\n								<tr>\r\n									<td>&nbsp;</td>\r\n								</tr>\r\n								<!-- Spacing --><!-- content -->\r\n								<tr>\r\n									<td style=\"text-align:left\">\r\n									<p>Dear {{ $username }},<br />\r\n									Your attempt for offline subscription to {{ ucfirst($plan)}} plan is success. &nbsp;</p>\r\n\r\n									<p><u><strong>Admin Comment</strong></u></p>\r\n\r\n									<p>&nbsp;{{$admin_comment}}.</p>\r\n\r\n									<p>Please contact admin for further details.</p>\r\n									</td>\r\n								</tr>\r\n								<!-- end of content --><!-- Spacing -->\r\n								<tr>\r\n									<td>&nbsp;</td>\r\n								</tr>\r\n								<!-- Spacing -->\r\n								<tr>\r\n									<td>&nbsp;</td>\r\n								</tr>\r\n								<!-- button -->\r\n								<tr>\r\n									<td>\r\n									<table align=\"left\" border=\"0\" cellpadding=\"0\" cellspacing=\"0\" class=\"tablet-button\" style=\"height:30px\">\r\n										<tbody>\r\n											<tr>\r\n												<td style=\"background-color: rgb(13, 185, 234); text-align: justify;\"><span style=\"color:#ffffff\"><a href=\"#\" style=\"color: #ffffff; text-align:center;text-decoration: none;\">Read More</a> </span></td>\r\n											</tr>\r\n										</tbody>\r\n									</table>\r\n									</td>\r\n								</tr>\r\n								<!-- /button --><!-- Spacing -->\r\n								<tr>\r\n									<td>&nbsp;</td>\r\n								</tr>\r\n								<!-- Spacing -->\r\n							</tbody>\r\n						</table>\r\n						</td>\r\n					</tr>\r\n				</tbody>\r\n			</table>\r\n			</td>\r\n		</tr>\r\n	</tbody>\r\n</table>\r\n</div>\r\n','admin@academia.com','Admin',1,'2016-10-15 16:05:32','2016-10-18 19:57:15',NULL),(8,'subscription_success','subscription-success','','Your Subscription was Success','<!-- Full + text -->\r\n<table border=\"0\" cellpadding=\"0\" cellspacing=\"0\" style=\"width:100%\">\r\n	<tbody>\r\n		<tr>\r\n			<td>\r\n			<table align=\"center\" border=\"0\" cellpadding=\"0\" cellspacing=\"0\" style=\"width:580px\">\r\n				<tbody>\r\n					<tr>\r\n						<td>&nbsp;</td>\r\n					</tr>\r\n					<tr>\r\n						<td>\r\n						<table align=\"center\" border=\"0\" cellpadding=\"0\" cellspacing=\"0\" style=\"width:540px\">\r\n							<tbody><!-- title -->\r\n								<tr>\r\n									<td style=\"text-align:left\">&nbsp;</td>\r\n								</tr>\r\n								<!-- end of title --><!-- Spacing -->\r\n								<tr>\r\n									<td>&nbsp;</td>\r\n								</tr>\r\n								<!-- Spacing --><!-- content -->\r\n								<tr>\r\n									<td style=\"text-align:left\">\r\n									<p>Dear {{ $username }},<br />\r\n									Your subscription to {{ ucfirst($plan)}} plan is success. &nbsp;</p>\r\n\r\n									<p>Please contact admin for further details.</p>\r\n									</td>\r\n								</tr>\r\n								<!-- end of content --><!-- Spacing -->\r\n								<tr>\r\n									<td>&nbsp;</td>\r\n								</tr>\r\n								<!-- Spacing -->\r\n								<tr>\r\n									<td>&nbsp;</td>\r\n								</tr>\r\n								<!-- button -->\r\n								<tr>\r\n									<td>\r\n									<table align=\"left\" border=\"0\" cellpadding=\"0\" cellspacing=\"0\" style=\"height:30px\">\r\n										<tbody>\r\n											<tr>\r\n												<td style=\"background-color:#0db9ea; text-align:justify\"><a href=\"#\">Read More</a></td>\r\n											</tr>\r\n										</tbody>\r\n									</table>\r\n									</td>\r\n								</tr>\r\n								<!-- /button --><!-- Spacing -->\r\n								<tr>\r\n									<td>&nbsp;</td>\r\n								</tr>\r\n								<!-- Spacing -->\r\n							</tbody>\r\n						</table>\r\n						</td>\r\n					</tr>\r\n				</tbody>\r\n			</table>\r\n			</td>\r\n		</tr>\r\n	</tbody>\r\n</table>\r\n','admin@academia.com','Admin',1,'2016-10-19 21:01:21','2016-10-19 21:01:21',NULL);

/*Table structure for table `languages` */

DROP TABLE IF EXISTS `languages`;

CREATE TABLE `languages` (
  `id` int(10) unsigned NOT NULL AUTO_INCREMENT,
  `language` varchar(255) COLLATE utf8_unicode_ci NOT NULL,
  `slug` varchar(50) COLLATE utf8_unicode_ci DEFAULT NULL,
  `code` varchar(11) COLLATE utf8_unicode_ci DEFAULT NULL,
  `is_rtl` int(11) NOT NULL,
  `is_default` tinyint(2) NOT NULL DEFAULT '0',
  `is_default_admin` tinyint(2) DEFAULT '0',
  `phrases` text COLLATE utf8_unicode_ci NOT NULL,
  `created_at` timestamp NULL DEFAULT NULL,
  `updated_at` timestamp NULL DEFAULT NULL,
  PRIMARY KEY (`id`),
  UNIQUE KEY `code` (`code`),
  UNIQUE KEY `slug` (`slug`)
) ENGINE=InnoDB AUTO_INCREMENT=13 DEFAULT CHARSET=utf8 COLLATE=utf8_unicode_ci;

/*Data for the table `languages` */

insert  into `languages`(`id`,`language`,`slug`,`code`,`is_rtl`,`is_default`,`is_default_admin`,`phrases`,`created_at`,`updated_at`) values (3,'Telugu','telugu','te',0,0,0,'{\"success\":\"\\u0c35\\u0c3f\\u0c1c\\u0c2f\\u0c02\",\"record_updated_successfully\":\"\\u0c30\\u0c3f\\u0c15\\u0c3e\\u0c30\\u0c4d\\u0c21\\u0c4d \\u0c35\\u0c3f\\u0c1c\\u0c2f\\u0c35\\u0c02\\u0c24\\u0c02\\u0c17\\u0c3e \\u0c28\\u0c35\\u0c40\\u0c15\\u0c30\\u0c3f\\u0c02\\u0c1a\\u0c2c\\u0c21\\u0c3f\\u0c02\\u0c26\\u0c3f\",\"languages\":\"\\u0c2d\\u0c3e\\u0c37\\u0c32\\u0c41\",\"create\":\"\\u0c38\\u0c43\\u0c37\\u0c4d\\u0c1f\\u0c3f\\u0c02\\u0c1a\\u0c41\",\"language\":\"\\u0c2d\\u0c3e\\u0c37\\u0c3e\",\"code\":\"\\u0c15\\u0c4b\\u0c21\\u0c4d\",\"is_rtl\":\"RTL \\u0c09\\u0c02\\u0c26\\u0c3f\",\"default_language\":\"\\u0c21\\u0c3f\\u0c2b\\u0c3e\\u0c32\\u0c4d\\u0c1f\\u0c4d \\u0c2d\\u0c3e\\u0c37\\u0c3e\",\"action\":\"\\u0c2f\\u0c3e\\u0c15\\u0c4d\\u0c37\\u0c28\\u0c4d\",\"site_title\":\"\\u0c38\\u0c46\\u0c56\\u0c1f\\u0c4d \\u0c36\\u0c40\\u0c30\\u0c4d\\u0c37\\u0c3f\\u0c15\",\"latest_users\":\"\\u0c24\\u0c3e\\u0c1c\\u0c3e \\u0c35\\u0c3f\\u0c28\\u0c3f\\u0c2f\\u0c4b\\u0c17\\u0c26\\u0c3e\\u0c30\\u0c41\\u0c32\\u0c41\",\"was_joined_as\":\"\\u0c17\\u0c3e \\u0c1a\\u0c47\\u0c30\\u0c3e\\u0c30\\u0c41 \\u0c1c\\u0c30\\u0c3f\\u0c17\\u0c3f\\u0c28\\u0c26\\u0c3f\",\"see_more\":\"\\u0c07\\u0c02\\u0c15\\u0c3e \\u0c1a\\u0c42\\u0c21\\u0c02\\u0c21\\u0c3f\",\"my_profile\":\"\\u0c28\\u0c3e \\u0c1c\\u0c40\\u0c35\\u0c28 \\u0c35\\u0c3f\\u0c35\\u0c30\\u0c23\",\"change_password\":\"\\u0c2a\\u0c3e\\u0c38\\u0c4d\\u0c35\\u0c30\\u0c4d\\u0c21\\u0c4d \\u0c2e\\u0c3e\\u0c30\\u0c4d\\u0c1a\\u0c02\\u0c21\\u0c3f\",\"logout\":\"\\u0c32\\u0c3e\\u0c17\\u0c4c\\u0c1f\\u0c4d\",\"dashboard\":\"\\u0c21\\u0c3e\\u0c37\\u0c4d\\u0c2c\\u0c4b\\u0c30\\u0c4d\\u0c21\\u0c4d\",\"users\":\"\\u0c35\\u0c3f\\u0c28\\u0c3f\\u0c2f\\u0c4b\\u0c17\\u0c26\\u0c3e\\u0c30\\u0c41\\u0c32\\u0c41\",\"roles\":\"\\u0c2a\\u0c3e\\u0c24\\u0c4d\\u0c30\\u0c32\\u0c41\",\"fee_settings\":\"\\u0c2b\\u0c40\\u0c1c\\u0c41 \\u0c38\\u0c46\\u0c1f\\u0c4d\\u0c1f\\u0c3f\\u0c02\\u0c17\\u0c41\\u0c32\\u0c41\",\"fee_categories\":\"\\u0c2b\\u0c40\\u0c1c\\u0c41 \\u0c35\\u0c30\\u0c4d\\u0c17\\u0c02\",\"fee_category_allotment\":\"\\u0c2b\\u0c40\\u0c1c\\u0c41 \\u0c35\\u0c30\\u0c4d\\u0c17\\u0c02 \\u0c05\\u0c32\\u0c3e\\u0c1f\\u0c4d\\u0c2e\\u0c46\\u0c02\\u0c1f\\u0c4d\",\"fee_particulars\":\"\\u0c2b\\u0c40\\u0c1c\\u0c41 \\u0c35\\u0c3f\\u0c35\\u0c30\\u0c2e\\u0c41\\u0c32\",\"fee_schedules\":\"\\u0c2b\\u0c40\\u0c1c\\u0c41 \\u0c37\\u0c46\\u0c21\\u0c4d\\u0c2f\\u0c42\\u0c32\\u0c4d\\u0c38\\u0c4d\",\"fines\":\"\\u0c2b\\u0c46\\u0c56\\u0c28\\u0c4d\\u0c38\\u0c4d\",\"discounts\":\"\\u0c21\\u0c3f\\u0c38\\u0c4d\\u0c15\\u0c4c\\u0c02\\u0c1f\\u0c4d\",\"master_settings\":\"\\u0c2e\\u0c3e\\u0c38\\u0c4d\\u0c1f\\u0c30\\u0c4d \\u0c38\\u0c46\\u0c1f\\u0c4d\\u0c1f\\u0c3f\\u0c02\\u0c17\\u0c41\\u0c32\\u0c41\",\"religions_master\":\"\\u0c2e\\u0c24\\u0c3e\\u0c32\\u0c41 \\u0c2e\\u0c3e\\u0c38\\u0c4d\\u0c1f\\u0c30\\u0c4d\",\"academics_master\":\"\\u0c35\\u0c3f\\u0c26\\u0c4d\\u0c2f\\u0c3e\\u0c35\\u0c47\\u0c24\\u0c4d\\u0c24\\u0c32\\u0c41 \\u0c2e\\u0c3e\\u0c38\\u0c4d\\u0c1f\\u0c30\\u0c4d\",\"courses_master\":\"\\u0c15\\u0c4b\\u0c30\\u0c4d\\u0c38\\u0c41\\u0c32\\u0c41 \\u0c2e\\u0c3e\\u0c38\\u0c4d\\u0c1f\\u0c30\\u0c4d\",\"subjects_master\":\"\\u0c35\\u0c3f\\u0c37\\u0c2f\\u0c2e\\u0c41 \\u0c2e\\u0c3e\\u0c38\\u0c4d\\u0c1f\\u0c30\\u0c4d\",\"subject_topics\":\"\\u0c35\\u0c3f\\u0c37\\u0c2f\\u0c02 \\u0c1f\\u0c3e\\u0c2a\\u0c3f\\u0c15\\u0c4d\\u0c38\\u0c4d\",\"course_subjects\":\"\\u0c15\\u0c4b\\u0c30\\u0c4d\\u0c38\\u0c41 \\u0c35\\u0c3f\\u0c37\\u0c2f\\u0c2e\\u0c41\",\"email_templates\":\"\\u0c07\\u0c2e\\u0c46\\u0c2f\\u0c3f\\u0c32\\u0c4d \\u0c1f\\u0c46\\u0c02\\u0c2a\\u0c4d\\u0c32\\u0c47\\u0c1f\\u0c4d\\u0c32\\u0c28\\u0c41\",\"exams\":\"\\u0c2a\\u0c30\\u0c40\\u0c15\\u0c4d\\u0c37\\u0c32\\u0c41\",\"categories\":\"\\u0c35\\u0c30\\u0c4d\\u0c17\\u0c02\",\"question_bank\":\"\\u0c2a\\u0c4d\\u0c30\\u0c36\\u0c4d\\u0c28 \\u0c2c\\u0c4d\\u0c2f\\u0c3e\\u0c02\\u0c15\\u0c4d\",\"quiz\":\"\\u0c15\\u0c4d\\u0c35\\u0c3f\\u0c1c\\u0c4d\",\"lms\":\"LMS\",\"content\":\"\\u0c15\\u0c02\\u0c1f\\u0c46\\u0c02\\u0c1f\\u0c4d\",\"study_materials\":\"\\u0c38\\u0c4d\\u0c1f\\u0c21\\u0c40 \\u0c2e\\u0c46\\u0c1f\\u0c40\\u0c30\\u0c3f\\u0c2f\\u0c32\\u0c4d\\u0c38\\u0c4d\",\"library\":\"\\u0c32\\u0c46\\u0c56\\u0c2c\\u0c4d\\u0c30\\u0c30\\u0c40\",\"asset_types\":\"\\u0c06\\u0c38\\u0c4d\\u0c24\\u0c3f \\u0c30\\u0c15\\u0c3e\\u0c32\\u0c41\",\"master_data\":\"\\u0c2e\\u0c41\\u0c16\\u0c4d\\u0c2f \\u0c38\\u0c2e\\u0c3e\\u0c1a\\u0c3e\\u0c30\",\"publishers\":\"\\u0c2a\\u0c2c\\u0c4d\\u0c32\\u0c3f\\u0c37\\u0c30\\u0c4d\\u0c38\\u0c4d\",\"authors\":\"\\u0c30\\u0c1a\\u0c2f\\u0c3f\\u0c24\\u0c32\\u0c41\",\"students\":\"\\u0c38\\u0c4d\\u0c1f\\u0c42\\u0c21\\u0c46\\u0c02\\u0c1f\\u0c4d\\u0c38\\u0c4d\",\"staff\":\"\\u0c38\\u0c4d\\u0c1f\\u0c3e\\u0c2b\\u0c4d\",\"school_hub\":\"\\u0c38\\u0c4d\\u0c15\\u0c42\\u0c32\\u0c4d \\u0c39\\u0c2c\\u0c4d\",\"attendance\":\"\\u0c39\\u0c3e\\u0c1c\\u0c30\\u0c41\",\"edit\":\"\\u0c2e\\u0c3e\\u0c30\\u0c4d\\u0c1a\\u0c41\",\"delete\":\"\\u0c24\\u0c4a\\u0c32\\u0c17\\u0c3f\\u0c02\\u0c1a\\u0c41\",\"enable\":\"\\u0c2a\\u0c4d\\u0c30\\u0c3e\\u0c30\\u0c02\\u0c2d\\u0c3f\\u0c02\\u0c1a\\u0c41\",\"set_default\":\"\\u0c38\\u0c46\\u0c1f\\u0c4d \\u0c21\\u0c3f\\u0c2b\\u0c3e\\u0c32\\u0c4d\\u0c1f\\u0c4d\",\"disable\":\"\\u0c21\\u0c3f\\u0c38\\u0c47\\u0c2c\\u0c41\\u0c32\\u0c4d\",\"admin_dashboard\":\"\\u0c05\\u0c21\\u0c4d\\u0c2e\\u0c3f\\u0c28\\u0c4d \\u0c21\\u0c3e\\u0c37\\u0c4d\\u0c2c\\u0c4b\\u0c30\\u0c4d\\u0c21\\u0c4d\",\"overall_users\":\"\\u0c2e\\u0c4a\\u0c24\\u0c4d\\u0c24\\u0c02\\u0c2e\\u0c40\\u0c26 \\u0c35\\u0c3f\\u0c28\\u0c3f\\u0c2f\\u0c4b\\u0c17\\u0c26\\u0c3e\\u0c30\\u0c41\\u0c32\\u0c41\",\"user_statistics\":\"\\u0c35\\u0c3e\\u0c21\\u0c41\\u0c15\\u0c30\\u0c3f \\u0c17\\u0c23\\u0c3e\\u0c02\\u0c15\\u0c3e\\u0c32\\u0c41\",\"user_details\":\"\\u0c35\\u0c3e\\u0c21\\u0c41\\u0c15\\u0c30\\u0c3f \\u0c35\\u0c3f\\u0c35\\u0c30\\u0c3e\\u0c32\\u0c41\",\"view_all\":\"\\u0c05\\u0c28\\u0c4d\\u0c28\\u0c40 \\u0c1a\\u0c42\\u0c21\\u0c41\",\"quiz_categories\":\"\\u0c15\\u0c4d\\u0c35\\u0c3f\\u0c1c\\u0c4d \\u0c35\\u0c30\\u0c4d\\u0c17\\u0c02\",\"quizzes\":\"\\u0c15\\u0c4d\\u0c35\\u0c3f\\u0c1c\\u0c46\\u0c38\\u0c4d\",\"subjects\":\"\\u0c35\\u0c3f\\u0c37\\u0c2f\\u0c2e\\u0c41\",\"topics\":\"\\u0c35\\u0c3f\\u0c37\\u0c2f\\u0c3e\\u0c32\\u0c41\",\"questions\":\"\\u0c2a\\u0c4d\\u0c30\\u0c36\\u0c4d\\u0c28\\u0c32\\u0c41\",\"title\":\"\\u0c36\\u0c40\\u0c30\\u0c4d\\u0c37\\u0c3f\\u0c15\",\"dueration\":\"Dueration\",\"category\":\"\\u0c35\\u0c30\\u0c4d\\u0c17\\u0c02\",\"is_paid\":\"\\u0c1a\\u0c46\\u0c32\\u0c4d\\u0c32\\u0c3f\\u0c38\\u0c4d\\u0c24\\u0c41\\u0c28\\u0c4d\\u0c28\\u0c2a\\u0c4d\\u0c2a\\u0c1f\\u0c3f\\u0c15\\u0c40\",\"total_marks\":\"\\u0c2e\\u0c4a\\u0c24\\u0c4d\\u0c24\\u0c02 \\u0c2e\\u0c3e\\u0c30\\u0c4d\\u0c15\\u0c41\\u0c32\\u0c41\",\"update_questions\":\"\\u0c28\\u0c35\\u0c40\\u0c15\\u0c30\\u0c23 \\u0c2a\\u0c4d\\u0c30\\u0c36\\u0c4d\\u0c28\",\"free\":\"\\u0c09\\u0c1a\\u0c3f\\u0c24\",\"paid\":\"\\u0c1a\\u0c46\\u0c32\\u0c4d\\u0c32\\u0c3f\\u0c02\\u0c2a\\u0c41\",\"create_quiz\":\"\\u0c15\\u0c4d\\u0c35\\u0c3f\\u0c1c\\u0c4d \\u0c38\\u0c43\\u0c37\\u0c4d\\u0c1f\\u0c3f\\u0c02\\u0c1a\\u0c41\",\"list\":\"\\u0c1c\\u0c3e\\u0c2c\\u0c3f\\u0c24\\u0c3e\",\"quiz_title\":\"\\u0c15\\u0c4d\\u0c35\\u0c3f\\u0c1c\\u0c4d \\u0c36\\u0c40\\u0c30\\u0c4d\\u0c37\\u0c3f\\u0c15\",\"enter_value_in_minutes\":\"\\u0c35\\u0c3f\\u0c32\\u0c41\\u0c35 \\u0c2e\\u0c3f\\u0c28\\u0c3f\\u0c1f\\u0c4d\\u0c38\\u0c4d \\u0c32\\u0c4b \\u0c0e\\u0c02\\u0c1f\\u0c30\\u0c4d\",\"it will be updated by adding the questions\":\"\\u0c07\\u0c26\\u0c3f \\u0c2a\\u0c4d\\u0c30\\u0c36\\u0c4d\\u0c28\\u0c32\\u0c41 \\u0c1c\\u0c4b\\u0c21\\u0c3f\\u0c02\\u0c1a\\u0c21\\u0c02 \\u0c26\\u0c4d\\u0c35\\u0c3e\\u0c30\\u0c3e \\u0c05\\u0c2a\\u0c4d\\u0c21\\u0c47\\u0c1f\\u0c4d \\u0c05\\u0c35\\u0c41\\u0c24\\u0c41\\u0c02\\u0c26\\u0c3f\",\"pass_percentage\":\"\\u0c09\\u0c24\\u0c4d\\u0c24\\u0c40\\u0c30\\u0c4d\\u0c23\\u0c24 \\u0c36\\u0c3e\\u0c24\\u0c02\",\"no\":\"\\u0c24\\u0c4b\\u0c2c\\u0c41\\u0c1f\\u0c4d\\u0c1f\\u0c41\\u0c35\\u0c41\\u0c32\",\"yes\":\"\\u0c05\\u0c35\\u0c41\\u0c28\\u0c41\",\"description\":\"\\u0c35\\u0c3f\\u0c35\\u0c30\\u0c23\",\"add_language\":\"\\u0c2d\\u0c3e\\u0c37\\u0c3e \\u0c1c\\u0c4b\\u0c21\\u0c3f\\u0c02\\u0c1a\\u0c02\\u0c21\\u0c3f\",\"language_title\":\"\\u0c2d\\u0c3e\\u0c37\\u0c3e \\u0c36\\u0c40\\u0c30\\u0c4d\\u0c37\\u0c3f\\u0c15\",\"language_code\":\"\\u0c2d\\u0c3e\\u0c37 \\u0c15\\u0c4b\\u0c21\\u0c4d\",\"supported_language_codes\":\"\\u0c2e\\u0c26\\u0c4d\\u0c26\\u0c24\\u0c41 \\u0c2d\\u0c3e\\u0c37 \\u0c15\\u0c4b\\u0c21\\u0c4d\\u0c32\\u0c41\",\"home\":\"\\u0c39\\u0c4b\\u0c2e\\u0c4d\",\"faqs\":\"FAQS\",\"about_us\":\"\\u0c2e\\u0c3e \\u0c17\\u0c41\\u0c30\\u0c3f\\u0c02\\u0c1a\\u0c3f\",\"contact_us\":\"\\u0c2e\\u0c2e\\u0c4d\\u0c2e\\u0c32\\u0c4d\\u0c28\\u0c3f \\u0c38\\u0c02\\u0c2a\\u0c4d\\u0c30\\u0c26\\u0c3f\\u0c02\\u0c1a\\u0c02\\u0c21\\u0c3f\",\"email\":\"\\u0c07\\u0c2e\\u0c46\\u0c2f\\u0c3f\\u0c32\\u0c4d\",\"password\":\"\\u0c2a\\u0c3e\\u0c38\\u0c4d\\u0c35\\u0c30\\u0c4d\\u0c21\\u0c4d\",\"login\":\"\\u0c32\\u0c3e\\u0c17\\u0c3f\\u0c28\\u0c4d\",\"forgot_password\":\"\\u0c2a\\u0c3e\\u0c38\\u0c4d\\u0c35\\u0c30\\u0c4d\\u0c21\\u0c4d \\u0c2e\\u0c30\\u0c3f\\u0c1a\\u0c3f\\u0c2a\\u0c4b\\u0c2f\\u0c3e\\u0c30\\u0c3e\",\"register\":\"\\u0c28\\u0c2e\\u0c4b\\u0c26\\u0c41\",\"logged_out_successfully\":\"\\u0c35\\u0c3f\\u0c1c\\u0c2f\\u0c35\\u0c02\\u0c24\\u0c02\\u0c17\\u0c3e \\u0c32\\u0c3e\\u0c17\\u0c4d \\u0c05\\u0c35\\u0c41\\u0c1f\\u0c4d\",\"edit_subject\":\"\\u0c35\\u0c3f\\u0c37\\u0c2f\\u0c3e\\u0c28\\u0c4d\\u0c28\\u0c3f \\u0c2e\\u0c3e\\u0c30\\u0c4d\\u0c1a\\u0c41\",\"update\":\"\\u0c28\\u0c35\\u0c40\\u0c15\\u0c30\\u0c23\",\"subject_title\":\"\\u0c35\\u0c3f\\u0c37\\u0c2f\\u0c02 \\u0c36\\u0c40\\u0c30\\u0c4d\\u0c37\\u0c3f\\u0c15\",\"subject_code\":\"\\u0c35\\u0c3f\\u0c37\\u0c2f\\u0c02 \\u0c15\\u0c4b\\u0c21\\u0c4d\",\"is_lab\":\"\\u0c32\\u0c4d\\u0c2f\\u0c3e\\u0c2c\\u0c4d\",\"is_elective\":\"\\u0c28\\u0c3f\\u0c2f\\u0c4b\\u0c1c\\u0c3f\\u0c24 \\u0c09\\u0c02\\u0c26\\u0c3f\",\"maximum_marks\":\"\\u0c17\\u0c30\\u0c3f\\u0c37\\u0c4d\\u0c20 \\u0c2e\\u0c3e\\u0c30\\u0c4d\\u0c15\\u0c4d\\u0c38\\u0c4d\",\"pass_marks\":\"\\u0c2a\\u0c3e\\u0c38\\u0c4d \\u0c2e\\u0c3e\\u0c30\\u0c4d\\u0c15\\u0c4d\\u0c38\\u0c4d\",\"subjects_list\":\"\\u0c35\\u0c3f\\u0c37\\u0c2f\\u0c2e\\u0c41 \\u0c1c\\u0c3e\\u0c2c\\u0c3f\\u0c24\\u0c3e\",\"sno\":\"sno\",\"subject\":\"\\u0c35\\u0c3f\\u0c37\\u0c2f\\u0c02\",\"max_marks\":\"\\u0c2e\\u0c3e\\u0c15\\u0c4d\\u0c38\\u0c4d \\u0c2e\\u0c3e\\u0c30\\u0c4d\\u0c15\\u0c4d\\u0c38\\u0c4d\",\"parent\":\"\\u0c2e\\u0c3e\\u0c24\\u0c43\",\"add_user\":\"\\u0c35\\u0c3e\\u0c21\\u0c41\\u0c15\\u0c30\\u0c3f \\u0c1c\\u0c4b\\u0c21\\u0c3f\\u0c02\\u0c1a\\u0c02\\u0c21\\u0c3f\",\"name\":\"\\u0c2a\\u0c47\\u0c30\\u0c41\",\"image\":\"\\u0c1a\\u0c3f\\u0c24\\u0c4d\\u0c30\\u0c02\",\"role\":\"\\u0c2a\\u0c3e\\u0c24\\u0c4d\\u0c30\",\"view_profile\":\"\\u0c2a\\u0c4d\\u0c30\\u0c4a\\u0c2b\\u0c46\\u0c56\\u0c32\\u0c4d \\u0c1a\\u0c42\\u0c21\\u0c41\",\"update_details\":\"\\u0c28\\u0c35\\u0c40\\u0c15\\u0c30\\u0c23 \\u0c35\\u0c3f\\u0c35\\u0c30\\u0c3e\\u0c32\\u0c41\",\"add_users\":\"\\u0c35\\u0c3f\\u0c28\\u0c3f\\u0c2f\\u0c4b\\u0c17\\u0c26\\u0c3e\\u0c30\\u0c41\\u0c32\\u0c28\\u0c41 \\u0c1c\\u0c4b\\u0c21\\u0c3f\\u0c02\\u0c1a\\u0c02\\u0c21\\u0c3f\",\"select_role\":\"\\u0c2a\\u0c3e\\u0c24\\u0c4d\\u0c30 \\u0c0e\\u0c02\\u0c1a\\u0c41\\u0c15\\u0c4b\\u0c02\\u0c21\\u0c3f\",\"user_roles\":\"\\u0c35\\u0c3e\\u0c21\\u0c41\\u0c15\\u0c30\\u0c3f \\u0c2a\\u0c3e\\u0c24\\u0c4d\\u0c30\\u0c32\\u0c41\",\"permissions\":\"\\u0c05\\u0c28\\u0c41\\u0c2e\\u0c24\\u0c41\\u0c32\\u0c41\",\"add_role\":\"\\u0c2a\\u0c3e\\u0c24\\u0c4d\\u0c30 \\u0c1c\\u0c4b\\u0c21\\u0c3f\\u0c02\\u0c1a\\u0c41\",\"role_name\":\"\\u0c2a\\u0c3e\\u0c24\\u0c4d\\u0c30 \\u0c2a\\u0c47\\u0c30\\u0c41\",\"display_name\":\"\\u0c2a\\u0c4d\\u0c30\\u0c26\\u0c30\\u0c4d\\u0c36\\u0c3f\\u0c24 \\u0c28\\u0c3e\\u0c2e\\u0c02\",\"list_roles\":\"\\u0c1c\\u0c3e\\u0c2c\\u0c3f\\u0c24\\u0c3e \\u0c2d\\u0c3e\\u0c26\\u0c4d\\u0c2f\\u0c24\\u0c32\\u0c41\",\"submit\":\"\\u0c38\\u0c2e\\u0c30\\u0c4d\\u0c2a\\u0c3f\\u0c02\\u0c1a\\u0c02\\u0c21\\u0c3f\",\"religions\":\"\\u0c2e\\u0c24\\u0c3e\\u0c32\\u0c41\",\"pass_marks_cannot_be_greater_than_maximum_marks\":\"\\u0c2a\\u0c3e\\u0c38\\u0c4d \\u0c2e\\u0c3e\\u0c30\\u0c4d\\u0c15\\u0c4d\\u0c38\\u0c4d \\u0c17\\u0c30\\u0c3f\\u0c37\\u0c4d\\u0c20 \\u0c2e\\u0c3e\\u0c30\\u0c4d\\u0c15\\u0c4d\\u0c38\\u0c4d \\u0c15\\u0c02\\u0c1f\\u0c47 \\u0c0e\\u0c15\\u0c4d\\u0c15\\u0c41\\u0c35 \\u0c09\\u0c02\\u0c21\\u0c15\\u0c42\\u0c21\\u0c26\\u0c41\",\"please_enter_valid_maximum_marks\":\"\\u0c26\\u0c2f\\u0c1a\\u0c47\\u0c38\\u0c3f \\u0c1a\\u0c46\\u0c32\\u0c4d\\u0c32\\u0c41\\u0c2c\\u0c3e\\u0c1f\\u0c41 \\u0c05\\u0c2f\\u0c4d\\u0c2f\\u0c47 \\u0c17\\u0c30\\u0c3f\\u0c37\\u0c4d\\u0c20 \\u0c2e\\u0c3e\\u0c30\\u0c4d\\u0c15\\u0c4d\\u0c38\\u0c4d \\u0c0e\\u0c02\\u0c1f\\u0c30\\u0c4d\",\"please_enter_valid_pass_marks\":\"\\u0c1a\\u0c46\\u0c32\\u0c4d\\u0c32\\u0c41\\u0c2c\\u0c3e\\u0c1f\\u0c41 \\u0c05\\u0c2f\\u0c4d\\u0c2f\\u0c47 \\u0c2a\\u0c3e\\u0c38\\u0c4d \\u0c2e\\u0c3e\\u0c30\\u0c4d\\u0c15\\u0c4d\\u0c38\\u0c4d \\u0c0e\\u0c02\\u0c1f\\u0c30\\u0c4d \\u0c1a\\u0c47\\u0c2f\\u0c02\\u0c21\\u0c3f\",\"deleted\":\"Deleted\",\"sorry\":\"Sorry\",\"cannot_delete_this_record_as\":\"Cannot Delete This Record As\",\"this_field_id_required\":\"\\u0c08 \\u0c2b\\u0c40\\u0c32\\u0c4d\\u0c21\\u0c4d id \\u0c05\\u0c35\\u0c38\\u0c30\\u0c02\",\"the_text_is_too_short\":\"\\u0c1f\\u0c46\\u0c15\\u0c4d\\u0c38\\u0c4d\\u0c1f\\u0c4d \\u0c1a\\u0c3e\\u0c32\\u0c3e \\u0c1a\\u0c3f\\u0c28\\u0c4d\\u0c28\\u0c26\\u0c3f\",\"the_text_is_too_long\":\"\\u0c35\\u0c1a\\u0c28\\u0c02 \\u0c1a\\u0c3e\\u0c32\\u0c3e \\u0c2a\\u0c4a\\u0c21\\u0c35\\u0c41\\u0c17\\u0c3e \\u0c09\\u0c02\\u0c26\\u0c3f\",\"this_field_is_required\":\"\\u0c08 \\u0c16\\u0c3e\\u0c33\\u0c40\\u0c28\\u0c3f \\u0c24\\u0c2a\\u0c4d\\u0c2a\\u0c28\\u0c3f\\u0c38\\u0c30\\u0c3f\\u0c17\\u0c3e \\u0c2a\\u0c42\\u0c30\\u0c3f\\u0c02\\u0c1a\\u0c35\\u0c32\\u0c46\\u0c28\\u0c41\",\"please_enter_valid_email\":\"\\u0c1a\\u0c46\\u0c32\\u0c4d\\u0c32\\u0c41\\u0c2c\\u0c3e\\u0c1f\\u0c41 \\u0c05\\u0c2f\\u0c4d\\u0c2f\\u0c47 \\u0c07\\u0c2e\\u0c46\\u0c2f\\u0c3f\\u0c32\\u0c4d \\u0c0e\\u0c02\\u0c1f\\u0c30\\u0c4d \\u0c1a\\u0c47\\u0c2f\\u0c02\\u0c21\\u0c3f\",\"settings\":\"\\u0c38\\u0c46\\u0c1f\\u0c4d\\u0c1f\\u0c3f\\u0c02\\u0c17\\u0c41\\u0c32\\u0c41\",\"record_deleted_successfully\":\"\\u0c30\\u0c3f\\u0c15\\u0c3e\\u0c30\\u0c4d\\u0c21\\u0c4d \\u0c24\\u0c4a\\u0c32\\u0c17\\u0c3f\\u0c02\\u0c1a\\u0c3f\\u0c28 \\u0c35\\u0c3f\\u0c1c\\u0c2f\\u0c35\\u0c02\\u0c24\\u0c02\\u0c17\\u0c3e\",\"record_added_successfully\":\"\\u0c30\\u0c3f\\u0c15\\u0c3e\\u0c30\\u0c4d\\u0c21\\u0c4d \\u0c1a\\u0c47\\u0c30\\u0c4d\\u0c1a\\u0c2c\\u0c21\\u0c3f\\u0c02\\u0c26\\u0c3f \\u0c35\\u0c3f\\u0c1c\\u0c2f\\u0c35\\u0c02\\u0c24\\u0c02\\u0c17\\u0c3e\",\"exam_series\":\"\\u0c2a\\u0c30\\u0c40\\u0c15\\u0c4d\\u0c37\\u0c3e \\u0c38\\u0c3f\\u0c30\\u0c40\\u0c38\\u0c4d\",\"instructions\":\"\\u0c38\\u0c42\\u0c1a\\u0c28\\u0c32\\u0c28\\u0c41\",\"coupons\":\"\\u0c15\\u0c42\\u0c2a\\u0c28\\u0c4d\\u0c32\\u0c41\",\"add\":\"\\u0c1a\\u0c47\\u0c30\\u0c4d\\u0c1a\\u0c41\",\"contents\":\"\\u0c35\\u0c3f\\u0c37\\u0c2f \\u0c38\\u0c42\\u0c1a\\u0c3f\\u0c15\",\"series\":\"\\u0c38\\u0c3f\\u0c30\\u0c40\\u0c38\\u0c4d\",\"notifications\":\"\\u0c2a\\u0c4d\\u0c30\\u0c15\\u0c1f\\u0c28\\u0c32\\u0c41\",\"messages\":\"\\u0c38\\u0c02\\u0c26\\u0c47\\u0c36\\u0c3e\\u0c32\\u0c41\",\"feedback\":\"\\u0c05\\u0c2d\\u0c3f\\u0c2a\\u0c4d\\u0c30\\u0c3e\\u0c2f\\u0c02\",\"couponcodes\":\"Couponcodes\",\"type\":\"\\u0c30\\u0c15\\u0c02\",\"discount\":\"\\u0c21\\u0c3f\\u0c38\\u0c4d\\u0c15\\u0c4c\\u0c02\\u0c1f\\u0c4d\",\"minimum_bill\":\"\\u0c15\\u0c28\\u0c40\\u0c38 \\u0c2c\\u0c3f\\u0c32\\u0c4d\",\"maximum_discount\":\"\\u0c17\\u0c30\\u0c3f\\u0c37\\u0c4d\\u0c1f \\u0c24\\u0c17\\u0c4d\\u0c17\\u0c3f\\u0c02\\u0c2a\\u0c41\",\"limit\":\"\\u0c2a\\u0c30\\u0c3f\\u0c2e\\u0c3f\\u0c24\\u0c3f\",\"status\":\"\\u0c38\\u0c4d\\u0c25\\u0c3f\\u0c24\\u0c3f\",\"lms_categories\":\"LMS \\u0c35\\u0c30\\u0c4d\\u0c17\\u0c02\",\"create_coupon\":\"\\u0c15\\u0c42\\u0c2a\\u0c28\\u0c4d \\u0c38\\u0c43\\u0c37\\u0c4d\\u0c1f\\u0c3f\\u0c02\\u0c1a\\u0c41\",\"invalid_input\":\"\\u0c1a\\u0c46\\u0c32\\u0c4d\\u0c32\\u0c28\\u0c3f \\u0c07\\u0c28\\u0c4d\\u0c2a\\u0c41\\u0c1f\\u0c4d\",\"coupon_code\":\"\\u0c15\\u0c42\\u0c2a\\u0c28\\u0c4d \\u0c15\\u0c4b\\u0c21\\u0c4d\",\"value\":\"\\u0c35\\u0c3f\\u0c32\\u0c41\\u0c35\",\"percent\":\"\\u0c36\\u0c3e\\u0c24\\u0c02\",\"discount_type\":\"\\u0c21\\u0c3f\\u0c38\\u0c4d\\u0c15\\u0c4c\\u0c02\\u0c1f\\u0c4d \\u0c1f\\u0c46\\u0c56\\u0c2a\\u0c4d\",\"discount_value\":\"\\u0c21\\u0c3f\\u0c38\\u0c4d\\u0c15\\u0c4c\\u0c02\\u0c1f\\u0c4d \\u0c35\\u0c3f\\u0c32\\u0c41\\u0c35\",\"enter_value\":\"\\u0c35\\u0c3f\\u0c32\\u0c41\\u0c35 \\u0c0e\\u0c02\\u0c1f\\u0c30\\u0c4d\",\"please_enter_valid_number\":\"\\u0c26\\u0c2f\\u0c1a\\u0c47\\u0c38\\u0c3f \\u0c1a\\u0c46\\u0c32\\u0c4d\\u0c32\\u0c41\\u0c2c\\u0c3e\\u0c1f\\u0c41 \\u0c05\\u0c2f\\u0c4d\\u0c2f\\u0c47 \\u0c38\\u0c02\\u0c16\\u0c4d\\u0c2f\\u0c28\\u0c41 \\u0c28\\u0c2e\\u0c4b\\u0c26\\u0c41\",\"discount_maximum_amount\":\"\\u0c21\\u0c3f\\u0c38\\u0c4d\\u0c15\\u0c4c\\u0c02\\u0c1f\\u0c4d \\u0c17\\u0c30\\u0c3f\\u0c37\\u0c4d\\u0c1f \\u0c2e\\u0c4a\\u0c24\\u0c4d\\u0c24\\u0c02\",\"valid_from\":\"\\u0c28\\u0c41\\u0c02\\u0c21\\u0c3f \\u0c1a\\u0c46\\u0c32\\u0c4d\\u0c32\\u0c41\\u0c2c\\u0c3e\\u0c1f\\u0c41 \\u0c05\\u0c2f\\u0c4d\\u0c2f\\u0c47\",\"valid_to\":\"\\u0c38\\u0c2e\\u0c4d\\u0c2e\\u0c24\\u0c2e\\u0c46\\u0c56\\u0c28\",\"usage_limit\":\"\\u0c35\\u0c3e\\u0c21\\u0c41\\u0c15 \\u0c2a\\u0c30\\u0c3f\\u0c2e\\u0c3f\\u0c24\\u0c3f\",\"create_series\":\"\\u0c38\\u0c3f\\u0c30\\u0c40\\u0c38\\u0c4d\\u0c28\\u0c41 \\u0c38\\u0c43\\u0c37\\u0c4d\\u0c1f\\u0c3f\\u0c02\\u0c1a\\u0c41\",\"cost\":\"\\u0c16\\u0c30\\u0c40\\u0c26\\u0c41\",\"validity\":\"\\u0c1a\\u0c46\\u0c32\\u0c4d\\u0c32\\u0c41\\u0c2c\\u0c3e\\u0c1f\\u0c41\",\"total_exams\":\"\\u0c2e\\u0c4a\\u0c24\\u0c4d\\u0c24\\u0c02 \\u0c2a\\u0c30\\u0c40\\u0c15\\u0c4d\\u0c37\\u0c32\\u0c41\",\"total_questions\":\"\\u0c2e\\u0c4a\\u0c24\\u0c4d\\u0c24\\u0c02 \\u0c2a\\u0c4d\\u0c30\\u0c36\\u0c4d\\u0c28\\u0c32\\u0c41\",\"update_quizzes\":\"\\u0c28\\u0c35\\u0c40\\u0c15\\u0c30\\u0c23 \\u0c15\\u0c4d\\u0c35\\u0c3f\\u0c1c\\u0c4d\\u0c32\\u0c41\",\"update_series_for\":\"\\u0c28\\u0c35\\u0c40\\u0c15\\u0c30\\u0c23 \\u0c38\\u0c3f\\u0c30\\u0c40\\u0c38\\u0c4d\",\"exam_categories\":\"\\u0c2a\\u0c30\\u0c40\\u0c15\\u0c4d\\u0c37\\u0c3e \\u0c35\\u0c30\\u0c4d\\u0c17\\u0c02\",\"saved_exams\":\"\\u0c38\\u0c47\\u0c35\\u0c4d \\u0c2a\\u0c30\\u0c40\\u0c15\\u0c4d\\u0c37\\u0c32\\u0c41\",\"no_data_available\":\"\\u0c21\\u0c47\\u0c1f\\u0c3e \\u0c05\\u0c02\\u0c26\\u0c41\\u0c2c\\u0c3e\\u0c1f\\u0c41\\u0c32\\u0c4b \\u0c32\\u0c47\\u0c35\\u0c41\",\"remove_all\":\"\\u0c05\\u0c28\\u0c4d\\u0c28\\u0c3f \\u0c24\\u0c40\\u0c38\\u0c3f\\u0c35\\u0c46\\u0c2f\\u0c4d\",\"marks\":\"\\u0c2e\\u0c3e\\u0c30\\u0c4d\\u0c15\\u0c4d\\u0c38\\u0c4d\",\"import_excel\":\"\\u0c26\\u0c3f\\u0c17\\u0c41\\u0c2e\\u0c24\\u0c3f Excel\",\"edit_user\":\"\\u0c35\\u0c3e\\u0c21\\u0c41\\u0c15\\u0c30\\u0c3f \\u0c2e\\u0c3e\\u0c30\\u0c4d\\u0c1a\\u0c41\",\"username\":\"\\u0c2f\\u0c42\\u0c1c\\u0c30\\u0c4d \\u0c2a\\u0c47\\u0c30\\u0c41\",\"phone\":\"\\u0c2b\\u0c4b\\u0c28\\u0c4d\",\"please_enter_valid_phone_number\":\"\\u0c26\\u0c2f\\u0c1a\\u0c47\\u0c38\\u0c3f \\u0c1a\\u0c46\\u0c32\\u0c4d\\u0c32\\u0c41\\u0c2c\\u0c3e\\u0c1f\\u0c41 \\u0c05\\u0c2f\\u0c4d\\u0c2f\\u0c47 \\u0c2b\\u0c4b\\u0c28\\u0c4d \\u0c28\\u0c02\\u0c2c\\u0c30\\u0c4d \\u0c0e\\u0c02\\u0c1f\\u0c30\\u0c4d\",\"address\":\"\\u0c1a\\u0c3f\\u0c30\\u0c41\\u0c28\\u0c3e\\u0c2e\\u0c3e\",\"are_you_sure\":\"\\u0c2e\\u0c40\\u0c30\\u0c41 \\u0c1a\\u0c46\\u0c2a\\u0c4d\\u0c2a\\u0c47\\u0c26\\u0c3f \\u0c28\\u0c3f\\u0c1c\\u0c2e\\u0c3e\",\"you_will_not_be_able_to_recover_this_record\":\"\\u0c2e\\u0c40\\u0c30\\u0c41 \\u0c08 \\u0c30\\u0c3f\\u0c15\\u0c3e\\u0c30\\u0c4d\\u0c21\\u0c4d \\u0c15\\u0c4b\\u0c32\\u0c41\\u0c15\\u0c41\\u0c28\\u0c47\\u0c02\\u0c26\\u0c41\\u0c15\\u0c41 \\u0c35\\u0c41\\u0c02\\u0c21\\u0c26\\u0c41\",\"delete_it\":\"\\u0c26\\u0c3e\\u0c28\\u0c4d\\u0c28\\u0c3f \\u0c24\\u0c4a\\u0c32\\u0c17\\u0c3f\\u0c02\\u0c1a\\u0c41\",\"cancel_please\":\"\\u0c30\\u0c26\\u0c4d\\u0c26\\u0c41 \\u0c26\\u0c2f\\u0c1a\\u0c47\\u0c38\\u0c3f\",\"your_record_has_been_deleted\":\"\\u0c2e\\u0c40 \\u0c30\\u0c3f\\u0c15\\u0c3e\\u0c30\\u0c4d\\u0c21\\u0c4d \\u0c24\\u0c4a\\u0c32\\u0c17\\u0c3f\\u0c02\\u0c1a\\u0c2c\\u0c21\\u0c3f\\u0c02\\u0c26\\u0c3f\",\"cancelled\":\"\\u0c30\\u0c26\\u0c4d\\u0c26\\u0c41\",\"your_record_is_safe\":\"\\u0c2e\\u0c40 \\u0c30\\u0c3f\\u0c15\\u0c3e\\u0c30\\u0c4d\\u0c21\\u0c4d \\u0c08\\u0c1c\\u0c4d \\u0c38\\u0c47\\u0c2b\\u0c4d\",\"academic_operations\":\"\\u0c05\\u0c15\\u0c21\\u0c2e\\u0c3f\\u0c15\\u0c4d \\u0c06\\u0c2a\\u0c30\\u0c47\\u0c37\\u0c28\\u0c4d\\u0c38\\u0c4d\",\"certificates\":\"\\u0c38\\u0c30\\u0c4d\\u0c1f\\u0c3f\\u0c2b\\u0c3f\\u0c15\\u0c46\\u0c1f\\u0c4d\\u0c32\\u0c41\",\"transfers\":\"\\u0c2c\\u0c26\\u0c3f\\u0c32\\u0c40\\u0c32\\u0c41\",\"timetable\":\"\\u0c38\\u0c2e\\u0c2f\\u0c2a\\u0c1f\\u0c4d\\u0c1f\\u0c3f\\u0c15\",\"upload_marks_\":\"\\u0c05\\u0c2a\\u0c4d\\u0c32\\u0c4b\\u0c21\\u0c4d \\u0c2e\\u0c3e\\u0c30\\u0c4d\\u0c15\\u0c4d\\u0c38\\u0c4d\",\"payment_reports\":\"\\u0c1a\\u0c46\\u0c32\\u0c4d\\u0c32\\u0c3f\\u0c02\\u0c2a\\u0c41 \\u0c28\\u0c3f\\u0c35\\u0c47\\u0c26\\u0c3f\\u0c15\\u0c32\\u0c41\",\"online_payments\":\"\\u0c06\\u0c28\\u0c4d\\u0c32\\u0c46\\u0c56\\u0c28\\u0c4d \\u0c1a\\u0c46\\u0c32\\u0c4d\\u0c32\\u0c3f\\u0c02\\u0c2a\\u0c41\\u0c32\\u0c41\",\"offline_payments\":\"\\u0c06\\u0c2b\\u0c4d\\u0c32\\u0c46\\u0c56\\u0c28\\u0c4d \\u0c1a\\u0c46\\u0c32\\u0c4d\\u0c32\\u0c3f\\u0c02\\u0c2a\\u0c41\\u0c32\\u0c41\",\"export\":\"\\u0c0e\\u0c17\\u0c41\\u0c2e\\u0c24\\u0c3f\",\"transportation\":\"\\u0c30\\u0c35\\u0c3e\\u0c23\\u0c3e\",\"vechicles\":\"Vechicles\",\"vehicle_types\":\"\\u0c35\\u0c3e\\u0c39\\u0c28\\u0c32 \\u0c30\\u0c15\\u0c3e\\u0c32\\u0c41\",\"certificate_templates\":\"\\u0c38\\u0c30\\u0c4d\\u0c1f\\u0c3f\\u0c2b\\u0c3f\\u0c15\\u0c46\\u0c1f\\u0c4d \\u0c32\\u0c41\",\"update_strings\":\"\\u0c28\\u0c35\\u0c40\\u0c15\\u0c30\\u0c23 \\u0c38\\u0c4d\\u0c1f\\u0c4d\\u0c30\\u0c3f\\u0c02\\u0c17\\u0c4d\\u0c38\\u0c4d\"}','2016-05-25 04:41:51','2017-02-03 10:38:56'),(5,'Arbic','arbic','ar',1,0,0,'{\"exam_analysis\":\"\\u062a\\u062d\\u0644\\u064a\\u0644 \\u0627\\u0644\\u0627\\u0645\\u062a\\u062d\\u0627\\u0646\",\"analysis_by_exam\":\"\\u062a\\u062d\\u0644\\u064a\\u0644 \\u0628\\u0648\\u0627\\u0633\\u0637\\u0629 \\u0627\\u0645\\u062a\\u062d\\u0627\\u0646\",\"of\":\"of\",\"title\":\"\\u0639\\u0646\\u0648\\u0627\\u0646\",\"type\":\"\\u0627\\u0643\\u062a\\u0628\",\"dueration\":\"Dueration\",\"marks\":\"\\u0639\\u0644\\u0627\\u0645\\u0627\\u062a\",\"attempts\":\"\\u0645\\u062d\\u0627\\u0648\\u0644\\u0627\\u062a\",\"action\":\"\\u0639\\u0645\\u0644\",\"site_title\":\"\\u0639\\u0646\\u0648\\u0627\\u0646 \\u0627\\u0644\\u0645\\u0648\\u0642\\u0639\",\"my_profile\":\"\\u0645\\u0644\\u0641\\u064a \\u0627\\u0644\\u0634\\u062e\\u0635\\u064a\",\"change_password\":\"\\u062a\\u063a\\u064a\\u064a\\u0631 \\u0643\\u0644\\u0645\\u0629 \\u0627\\u0644\\u0633\\u0631\",\"logout\":\"\\u062e\\u0631\\u0648\\u062c\",\"dashboard\":\"\\u0644\\u0648\\u062d\\u0629 \\u0627\\u0644\\u0642\\u064a\\u0627\\u062f\\u0629\",\"children\":\"\\u0627\\u0644\\u0623\\u0637\\u0641\\u0627\\u0644\",\"add\":\"\\u0625\\u0636\\u0627\\u0641\\u0629\",\"list\":\"\\u0642\\u0627\\u0626\\u0645\\u0629\",\"exams\":\"\\u0627\\u0644\\u0627\\u0645\\u062a\\u062d\\u0627\\u0646\\u0627\\u062a\",\"categories\":\"\\u0627\\u0644\\u0641\\u0626\\u0627\\u062a\",\"recent_activity\":\"\\u0622\\u062e\\u0631 \\u0646\\u0634\\u0627\\u0637\",\"home\":\"\\u0627\\u0644\\u0635\\u0641\\u062d\\u0629 \\u0627\\u0644\\u0631\\u0626\\u064a\\u0633\\u064a\\u0629\",\"faqs\":\"\\u0627\\u0644\\u0623\\u0633\\u0626\\u0644\\u0629 \\u0627\\u0644\\u0623\\u0643\\u062b\\u0631 \\u0634\\u064a\\u0648\\u0639\\u0627\",\"about_us\":\"\\u0645\\u0639\\u0644\\u0648\\u0645\\u0627\\u062a \\u0639\\u0646\\u0627\",\"contact_us\":\"\\u0627\\u062a\\u0635\\u0644 \\u0628\\u0646\\u0627\",\"email\":\"\\u0627\\u0644\\u0628\\u0631\\u064a\\u062f \\u0627\\u0644\\u0625\\u0644\\u0643\\u062a\\u0631\\u0648\\u0646\\u064a\",\"password\":\"\\u0643\\u0644\\u0645\\u0647 \\u0627\\u0644\\u0633\\u0631\",\"login\":\"\\u062a\\u0633\\u062c\\u064a\\u0644 \\u0627\\u0644\\u062f\\u062e\\u0648\\u0644\",\"forgot_password\":\"\\u0647\\u0644 \\u0646\\u0633\\u064a\\u062a \\u0643\\u0644\\u0645\\u0629 \\u0627\\u0644\\u0645\\u0631\\u0648\\u0631\",\"register\":\"\\u062a\\u0633\\u062c\\u064a\\u0644\",\"quiz_categories\":\"\\u0645\\u0633\\u0627\\u0628\\u0642\\u0629 \\u0627\\u0644\\u0641\\u0626\\u0627\\u062a\",\"view_all\":\"\\u0645\\u0634\\u0627\\u0647\\u062f\\u0629 \\u0627\\u0644\\u0643\\u0644\",\"quizzes\":\"\\u0645\\u0633\\u0627\\u0628\\u0642\\u0627\\u062a\",\"admin_dashboard\":\"\\u0644\\u0648\\u062d\\u0629 \\u0627\\u0644\\u0645\\u0634\\u0631\\u0641\",\"overall_users\":\"\\u0627\\u0644\\u0645\\u0633\\u062a\\u062e\\u062f\\u0645\\u0648\\u0646 \\u0627\\u0644\\u0639\\u0627\\u0645\",\"user_statistics\":\"\\u0627\\u0644\\u0627\\u062d\\u0635\\u0627\\u0626\\u064a\\u0627\\u062a \\u0627\\u0644\\u0645\\u0633\\u062a\\u062e\\u062f\\u0645\",\"user_details\":\"\\u0628\\u064a\\u0627\\u0646\\u0627\\u062a \\u0627\\u0644\\u0645\\u0633\\u062a\\u062e\\u062f\\u0645\",\"users\":\"\\u0627\\u0644\\u0645\\u0633\\u062a\\u062e\\u062f\\u0645\\u064a\\u0646\",\"subjects\":\"\\u0627\\u0644\\u0645\\u0648\\u0627\\u0636\\u064a\\u0639\",\"topics\":\"\\u0627\\u0644\\u0645\\u0648\\u0627\\u0636\\u064a\\u0639\",\"questions\":\"\\u0623\\u0633\\u0626\\u0644\\u0629\",\"latest_users\":\"\\u0623\\u062d\\u062f\\u062b \\u0627\\u0644\\u0645\\u0633\\u062a\\u062e\\u062f\\u0645\\u064a\\u0646\",\"was_joined_as\":\"\\u0648\\u0642\\u062f \\u0627\\u0646\\u0636\\u0645\\u062a \\u0625\\u0644\\u0649\",\"see_more\":\"\\u0634\\u0627\\u0647\\u062f \\u0627\\u0644\\u0645\\u0632\\u064a\\u062f\",\"languages\":\"\\u0627\\u0644\\u0644\\u063a\\u0627\\u062a\",\"roles\":\"\\u0627\\u0644\\u0623\\u062f\\u0648\\u0627\\u0631\",\"fee_settings\":\"\\u0625\\u0639\\u062f\\u0627\\u062f\\u0627\\u062a \\u0631\\u0633\\u0648\\u0645\",\"fee_categories\":\"\\u0631\\u0633\\u0648\\u0645 \\u0627\\u0644\\u0641\\u0626\\u0627\\u062a\",\"fee_category_allotment\":\"\\u0631\\u0633\\u0648\\u0645 \\u0627\\u0644\\u0641\\u0626\\u0629 \\u0627\\u0644\\u062a\\u062e\\u0635\\u064a\\u0635\",\"fee_particulars\":\"\\u062a\\u0641\\u0627\\u0635\\u064a\\u0644 \\u0627\\u0644\\u0631\\u0633\\u0648\\u0645\",\"fee_schedules\":\"\\u062c\\u062f\\u0627\\u0648\\u0644 \\u0631\\u0633\\u0648\\u0645\",\"fines\":\"\\u0627\\u0644\\u063a\\u0631\\u0627\\u0645\\u0627\\u062a\",\"discounts\":\"\\u062e\\u0635\\u0648\\u0645\\u0627\\u062a\",\"master_settings\":\"\\u0625\\u0639\\u062f\\u0627\\u062f\\u0627\\u062a \\u0645\\u0627\\u0633\\u062a\\u0631\",\"religions_master\":\"\\u0627\\u0644\\u0623\\u062f\\u064a\\u0627\\u0646 \\u0645\\u0627\\u0633\\u062a\\u0631\",\"academics_master\":\"\\u0623\\u0643\\u0627\\u062f\\u064a\\u0645\\u064a\\u0648\\u0646 \\u0645\\u0627\\u0633\\u062a\\u0631\",\"courses_master\":\"\\u0645\\u0642\\u0631\\u0631\\u0627\\u062a \\u0627\\u0644\\u0645\\u0627\\u062c\\u0633\\u062a\\u064a\\u0631\",\"subjects_master\":\"\\u0627\\u0644\\u0645\\u0648\\u0627\\u0636\\u064a\\u0639 \\u0645\\u0627\\u0633\\u062a\\u0631\",\"subject_topics\":\"\\u062a\\u062e\\u0636\\u0639 \\u0645\\u0648\\u0627\\u0636\\u064a\\u0639\",\"course_subjects\":\"\\u0627\\u0644\\u0645\\u0648\\u0636\\u0648\\u0639\\u0627\\u062a \\u0628\\u0627\\u0644\\u0637\\u0628\\u0639\",\"email_templates\":\"\\u0642\\u0648\\u0627\\u0644\\u0628 \\u0627\\u0644\\u0628\\u0631\\u064a\\u062f \\u0627\\u0644\\u0625\\u0644\\u0643\\u062a\\u0631\\u0648\\u0646\\u064a\",\"question_bank\":\"\\u0627\\u0644\\u0628\\u0646\\u0643 \\u0633\\u0624\\u0627\\u0644\",\"quiz\":\"\\u0627\\u062e\\u062a\\u0628\\u0627\\u0631 \\u0642\\u0635\\u064a\\u0631\",\"lms\":\"LMS\",\"content\":\"\\u0645\\u062d\\u062a\\u0648\\u0649\",\"study_materials\":\"\\u0645\\u0648\\u0627\\u062f \\u062f\\u0631\\u0627\\u0633\\u064a\\u0629\",\"library\":\"\\u0645\\u0643\\u062a\\u0628\\u0629\",\"asset_types\":\"\\u0623\\u0646\\u0648\\u0627\\u0639 \\u0627\\u0644\\u0623\\u0635\\u0648\\u0644\",\"master_data\":\"\\u0627\\u0644\\u0628\\u064a\\u0627\\u0646\\u0627\\u062a \\u0627\\u0644\\u0631\\u0626\\u064a\\u0633\\u064a\\u0629\",\"publishers\":\"\\u0646\\u0627\\u0634\\u0631\\u064a\",\"authors\":\"\\u0627\\u0644\\u0643\\u062a\\u0627\\u0628\",\"students\":\"\\u0627\\u0644\\u0637\\u0644\\u0627\\u0628\",\"staff\":\"\\u0627\\u0644\\u0639\\u0627\\u0645\\u0644\\u064a\\u0646\",\"school_hub\":\"\\u0645\\u062d\\u0648\\u0631 \\u0627\\u0644\\u0645\\u062f\\u0631\\u0633\\u0629\",\"attendance\":\"\\u0627\\u0644\\u062d\\u0636\\u0648\\u0631\",\"create\":\"\\u062e\\u0644\\u0642\",\"category\":\"\\u0641\\u0626\\u0629\",\"is_paid\":\"\\u0645\\u062f\\u0641\\u0648\\u0639\",\"total_marks\":\"\\u0645\\u062c\\u0645\\u0648\\u0639 \\u0627\\u0644\\u062f\\u0631\\u062c\\u0627\\u062a\",\"update_questions\":\"\\u062a\\u062d\\u062f\\u064a\\u062b \\u0627\\u0644\\u0623\\u0633\\u0626\\u0644\\u0629\",\"edit\":\"\\u062a\\u062d\\u0631\\u064a\\u0631\",\"delete\":\"\\u062d\\u0630\\u0641\",\"free\":\"\\u062d\\u0631\",\"paid\":\"\\u062f\\u0641\\u0639\",\"create_quiz\":\"\\u0625\\u0646\\u0634\\u0627\\u0621 \\u0645\\u0633\\u0627\\u0628\\u0642\\u0629\",\"quiz_title\":\"\\u0639\\u0646\\u0648\\u0627\\u0646 \\u0627\\u0644\\u0625\\u062e\\u062a\\u0628\\u0627\\u0631\",\"enter_value_in_minutes\":\"\\u0623\\u062f\\u062e\\u0644 \\u0627\\u0644\\u0642\\u064a\\u0645\\u0629 \\u0641\\u064a \\u062f\\u0642\\u0627\\u0626\\u0642\",\"it_will_be_updated_by_adding_the_questions\":\"\\u0641\\u0633\\u064a\\u062a\\u0645 \\u062a\\u062d\\u062f\\u064a\\u062b\\u0647 \\u0628\\u0625\\u0636\\u0627\\u0641\\u0629 \\u0623\\u0633\\u0626\\u0644\\u0629\",\"pass_percentage\":\"\\u062a\\u0645\\u0631\\u064a\\u0631 \\u0627\\u0644\\u0646\\u0633\\u0628\\u0629 \\u0627\\u0644\\u0645\\u0626\\u0648\\u064a\\u0629\",\"no\":\"\\u0644\\u0627\",\"yes\":\"\\u0646\\u0639\\u0645 \\u0641\\u0639\\u0644\\u0627\",\"description\":\"\\u0648\\u0635\\u0641\",\"language\":\"\\u0644\\u063a\\u0629\",\"code\":\"\\u0631\\u0645\\u0632\",\"is_rtl\":\"\\u063a\\u064a\\u0631 RTL\",\"default_language\":\"\\u0627\\u0644\\u0644\\u063a\\u0629 \\u0627\\u0644\\u0627\\u0641\\u062a\\u0631\\u0627\\u0636\\u064a\\u0629\",\"enable\":\"\\u062a\\u0645\\u0643\\u064a\\u0646\",\"disable\":\"\\u062a\\u0639\\u0637\\u064a\\u0644\",\"set_default\":\"\\u0627\\u0644\\u0648\\u0636\\u0639 \\u0627\\u0644\\u0625\\u0641\\u062a\\u0631\\u0627\\u0636\\u064a\",\"success\":\"\\u0646\\u062c\\u0627\\u062d\",\"record_updated_successfully\":\"\\u0633\\u062c\\u0644 \\u0627\\u0644\\u062a\\u062d\\u062f\\u064a\\u062b \\u0628\\u0646\\u062c\\u0627\\u062d\",\"deleted\":\"Deleted\",\"sorry\":\"Sorry\",\"cannot_delete_this_record_as\":\"Cannot Delete This Record As\",\"add_user\":\"\\u0625\\u0636\\u0627\\u0641\\u0629 \\u0645\\u0633\\u062a\\u062e\\u062f\\u0645\",\"name\":\"\\u0627\\u0633\\u0645\",\"image\":\"\\u0635\\u0648\\u0631\\u0629\",\"role\":\"\\u062f\\u0648\\u0631\",\"update_details\":\"\\u062a\\u0641\\u0627\\u0635\\u064a\\u0644 \\u0627\\u0644\\u062a\\u062d\\u062f\\u064a\\u062b\",\"view\":\"\\u0631\\u0623\\u064a\",\"this_field_is_required\":\"\\u0647\\u0630\\u0647 \\u0627\\u0644\\u062e\\u0627\\u0646\\u0629 \\u0645\\u0637\\u0644\\u0648\\u0628\\u0647\",\"please_enter_valid_email\":\"\\u0627\\u0644\\u0631\\u062c\\u0627\\u0621 \\u0625\\u062f\\u062e\\u0627\\u0644 \\u0628\\u0631\\u064a\\u062f \\u0625\\u0644\\u0643\\u062a\\u0631\\u0648\\u0646\\u064a \\u0635\\u062d\\u064a\\u062d\",\"the_text_is_too_short\":\"\\u0646\\u0635 \\u0642\\u0635\\u064a\\u0631 \\u0644\\u0644\\u063a\\u0627\\u064a\\u0629\",\"settings\":\"\",\"exam_series\":\"\\u0633\\u0644\\u0633\\u0644\\u0629 \\u0627\\u0644\\u0627\\u0645\\u062a\\u062d\\u0627\\u0646\",\"instructions\":\"\\u062a\\u0639\\u0644\\u064a\\u0645\\u0627\\u062a\",\"coupons\":\"\\u0643\\u0648\\u0628\\u0648\\u0646\\u0627\\u062a\",\"contents\":\"\\u0645\\u062d\\u062a\\u0648\\u064a\\u0627\\u062a\",\"series\":\"\\u0633\\u0644\\u0633\\u0644\\u0629\",\"notifications\":\"\\u0627\\u0644\\u0625\\u0634\\u0639\\u0627\\u0631\\u0627\\u062a\",\"messages\":\"\\u0631\\u0633\\u0627\\u0626\\u0644\",\"feedback\":\"\\u0631\\u062f\\u0648\\u062f \\u0627\\u0644\\u0641\\u0639\\u0644\",\"update_strings\":\"\\u062a\\u062d\\u062f\\u064a\\u062b \\u0633\\u0644\\u0627\\u0633\\u0644\",\"lms_categories\":\"LMS \\u0627\\u0644\\u0641\\u0626\\u0627\\u062a\",\"update\":\"\\u062a\\u062d\\u062f\\u064a\\u062b\",\"import_excel\":\"\\u0627\\u0633\\u062a\\u064a\\u0631\\u0627\\u062f \\u0625\\u0643\\u0633\\u0644\",\"start_date\":\"\\u062a\\u0627\\u0631\\u064a\\u062e \\u0627\\u0644\\u0628\\u062f\\u0621\",\"end_date\":\"\\u062a\\u0627\\u0631\\u064a\\u062e \\u0627\\u0644\\u0627\\u0646\\u062a\\u0647\\u0627\\u0621\",\"url\":\"\\u0631\\u0627\\u0628\\u0637\",\"couponcodes\":\"Couponcodes\",\"discount\":\"\\u062e\\u0635\\u0645\",\"minimum_bill\":\"\\u0628\\u064a\\u0644 \\u0627\\u0644\\u062d\\u062f \\u0627\\u0644\\u0623\\u062f\\u0646\\u0649\",\"maximum_discount\":\"\\u0627\\u0644\\u062e\\u0635\\u0645 \\u0627\\u0644\\u0623\\u0642\\u0635\\u0649\",\"limit\":\"\\u062d\\u062f\",\"status\":\"\\u0627\\u0644\\u062d\\u0627\\u0644\\u0629\",\"edit_user\":\"\\u062a\\u062d\\u0631\\u064a\\u0631 \\u0627\\u0644\\u0639\\u0636\\u0648\",\"the_text_is_too_long\":\"\\u0627\\u0644\\u0646\\u0635 \\u0637\\u0648\\u064a\\u0644 \\u062c\\u062f\\u0627\",\"invalid_input\":\"\\u0645\\u062f\\u062e\\u0644 \\u063a\\u064a\\u0631 \\u0635\\u0627\\u0644\\u062d\",\"select_role\":\"\\u062d\\u062f\\u062f \\u062f\\u0648\\u0631\",\"add_language\":\"\\u0625\\u0636\\u0627\\u0641\\u0629 \\u0627\\u0644\\u0644\\u063a\\u0629\",\"language_title\":\"\\u0627\\u0644\\u0639\\u0646\\u0648\\u0627\\u0646 \\u0627\\u0644\\u0644\\u063a\\u0629\",\"language_code\":\"\\u0643\\u0648\\u062f \\u0627\\u0644\\u0644\\u063a\\u0629\",\"supported_language_codes\":\"\\u0631\\u0645\\u0648\\u0632 \\u0644\\u063a\\u0629 \\u0645\\u0639\\u062a\\u0645\\u062f\\u0629\",\"edit_language\":\"\\u062a\\u062d\\u0631\\u064a\\u0631 \\u0627\\u0644\\u0644\\u063a\\u0629\",\"add_users\":\"\\u0625\\u0636\\u0627\\u0641\\u0629 \\u0645\\u0633\\u062a\\u062e\\u062f\\u0645\\u064a\\u0646\",\"create_category\":\"\\u0625\\u0646\\u0634\\u0627\\u0621 \\u0627\\u0644\\u0641\\u0626\\u0629\",\"category_name\":\"\\u0627\\u0633\\u0645 \\u0627\\u0644\\u062a\\u0635\\u0646\\u064a\\u0641\",\"please_upload_valid_image_type\":\"\\u064a\\u0631\\u062c\\u0649 \\u062a\\u062d\\u0645\\u064a\\u0644 \\u0635\\u0627\\u0644\\u062d \\u0646\\u0648\\u0639 \\u0627\\u0644\\u0635\\u0648\\u0631\\u0629\",\"edit_author\":\"\\u0627\\u0644\\u0643\\u0627\\u062a\\u0628 \\u062a\\u062d\\u0631\\u064a\\u0631\",\"question_subjects\":\"\\u0627\\u0644\\u0645\\u0648\\u0636\\u0648\\u0639\\u0627\\u062a \\u0627\\u0644\\u0633\\u0624\\u0627\\u0644\",\"add_subject\":\"\\u0625\\u0636\\u0627\\u0641\\u0629 \\u0627\\u0644\\u0645\\u0648\\u0636\\u0648\\u0639\",\"subject\":\"\\u0645\\u0648\\u0636\\u0648\\u0639\",\"view_questions\":\"\\u0639\\u0631\\u0636 \\u0627\\u0644\\u0623\\u0633\\u0626\\u0644\\u0629\",\"subject_title\":\"\\u064a\\u062e\\u0636\\u0639 \\u0639\\u0646\\u0648\\u0627\\u0646\",\"subject_code\":\"\\u0631\\u0645\\u0632 \\u0627\\u0644\\u0645\\u0648\\u0636\\u0648\\u0639\",\"is_lab\":\"\\u0647\\u0648 \\u0645\\u062e\\u062a\\u0628\\u0631\",\"is_elective\":\"\\u063a\\u064a\\u0631 \\u0627\\u0644\\u0627\\u062e\\u062a\\u064a\\u0627\\u0631\\u064a\\u0629\",\"maximum_marks\":\"\\u0627\\u0644\\u0639\\u0644\\u0627\\u0645\\u0627\\u062a \\u0627\\u0644\\u0642\\u0635\\u0648\\u0649\",\"please_enter_valid_number\":\"\\u0627\\u0644\\u0631\\u062c\\u0627\\u0621 \\u0625\\u062f\\u062e\\u0627\\u0644 \\u0635\\u0627\\u0644\\u062d \\u0639\\u062f\\u062f\",\"pass_marks\":\"\\u0639\\u0644\\u0627\\u0645\\u0629 \\u0645\\u0631\\u0648\\u0631\",\"please_enter_valid_maximum_marks\":\"\\u0627\\u0644\\u0631\\u062c\\u0627\\u0621 \\u0625\\u062f\\u062e\\u0627\\u0644 \\u0627\\u0644\\u0639\\u0644\\u0627\\u0645\\u0627\\u062a \\u0627\\u0644\\u0642\\u0635\\u0648\\u0649 \\u0635\\u0627\\u0644\\u062d\",\"please_enter_valid_pass_marks\":\"\\u0627\\u0644\\u0631\\u062c\\u0627\\u0621 \\u0625\\u062f\\u062e\\u0627\\u0644 \\u0639\\u0644\\u0627\\u0645\\u0627\\u062a \\u0627\\u0644\\u0646\\u062c\\u0627\\u062d \\u0635\\u0627\\u0644\\u062d\\u0629\",\"pass_marks_cannot_be_greater_than_maximum_marks\":\"\\u0639\\u0644\\u0627\\u0645\\u0627\\u062a \\u0627\\u0644\\u0646\\u062c\\u0627\\u062d \\u0644\\u0627 \\u064a\\u0645\\u0643\\u0646 \\u0623\\u0646 \\u062a\\u0643\\u0648\\u0646 \\u0623\\u0643\\u0628\\u0631 \\u0645\\u0646 \\u0627\\u0644\\u0639\\u0644\\u0627\\u0645\\u0627\\u062a \\u0627\\u0644\\u0642\\u0635\\u0648\\u0649\",\"topic\":\"\\u0645\\u0648\\u0636\\u0648\\u0639\",\"question\":\"\\u0633\\u0624\\u0627\\u0644\",\"difficulty\":\"\\u0635\\u0639\\u0648\\u0628\\u0629\",\"subjects_list\":\"\\u0642\\u0627\\u0626\\u0645\\u0629 \\u0627\\u0644\\u0645\\u0648\\u0636\\u0648\\u0639\\u0627\\u062a\",\"max_marks\":\"\\u0645\\u0627\\u0631\\u0643\\u0633 \\u0645\\u0627\\u0643\\u0633\",\"topics_list\":\"\\u0642\\u0627\\u0626\\u0645\\u0629 \\u0627\\u0644\\u0645\\u0648\\u0627\\u0636\\u064a\\u0639\",\"parent\":\"\\u0623\\u0635\\u0644\",\"from_email\":\"\\u0645\\u0646 \\u0627\\u0644\\u0628\\u0631\\u064a\\u062f \\u0627\\u0644\\u0625\\u0644\\u0643\\u062a\\u0631\\u0648\\u0646\\u0649\",\"from_name\":\"\\u0645\\u0646 \\u0627\\u0644\\u0627\\u0633\\u0645\",\"module\":\"\\u0648\\u062d\\u062f\\u0629\",\"key\":\"\\u0645\\u0641\\u062a\\u0627\\u062d\",\"add_setting\":\"\\u0625\\u0636\\u0627\\u0641\\u0629 \\u0648\\u0636\\u0639\",\"edit_topic\":\"\\u062a\\u062d\\u0631\\u064a\\u0631 \\u0627\\u0644\\u0645\\u0648\\u0636\\u0648\\u0639\",\"select_parent\":\"\\u062d\\u062f\\u062f \\u0627\\u0644\\u0631\\u0626\\u064a\\u0633\\u064a\",\"topic_name\":\"\\u0627\\u0633\\u0645 \\u0627\\u0644\\u0645\\u0648\\u0636\\u0648\\u0639\",\"edit_template\":\"\\u062a\\u062d\\u0631\\u064a\\u0631 \\u0642\\u0627\\u0644\\u0628\",\"welcome\":\"\\u0623\\u0647\\u0644\\u0627 \\u0628\\u0643\",\"are_you_sure\":\"\\u0647\\u0644 \\u0623\\u0646\\u062a \\u0648\\u0627\\u062b\\u0642\",\"you_will_not_be_able_to_recover_this_record\":\"\\u0623\\u0646\\u062a \\u0644\\u0646 \\u062a\\u0643\\u0648\\u0646 \\u0642\\u0627\\u062f\\u0631\\u0629 \\u0639\\u0644\\u0649 \\u0627\\u0633\\u062a\\u0631\\u062f\\u0627\\u062f \\u0647\\u0630\\u0627 \\u0627\\u0644\\u0633\\u062c\\u0644\",\"delete_it\":\"\\u0627\\u062d\\u0630\\u0641\\u0647\",\"cancel_please\":\"\\u0625\\u0644\\u063a\\u0627\\u0621 \\u0627\\u0644\\u0631\\u062c\\u0627\\u0621\",\"your_record_has_been_deleted\":\"\\u062a\\u0633\\u062c\\u064a\\u0644 \\u062a\\u0645 \\u062d\\u0630\\u0641\",\"cancelled\":\"\\u062a\\u0645 \\u0627\\u0644\\u0627\\u0644\\u063a\\u0627\\u0621\",\"your_record_is_safe\":\"\\u062a\\u0633\\u062c\\u064a\\u0644 \\u0622\\u0645\\u0646\\u0629\",\"payment_reports\":\"\\u062a\\u0642\\u0627\\u0631\\u064a\\u0631 \\u0627\\u0644\\u062f\\u0641\\u0639\",\"online_payments\":\"\\u0627\\u0644\\u0645\\u062f\\u0641\\u0648\\u0639\\u0627\\u062a \\u0639\\u0628\\u0631 \\u0627\\u0644\\u0625\\u0646\\u062a\\u0631\\u0646\\u062a\",\"offline_payments\":\"\\u0627\\u0644\\u0645\\u062f\\u0641\\u0648\\u0639\\u0627\\u062a \\u062d\\u0627\\u0644\\u064a\\u0627\",\"export\":\"\\u062a\\u0635\\u062f\\u064a\\u0631\",\"sms\":\"\\u0631\\u0633\\u0627\\u0644\\u0629 \\u0642\\u0635\\u064a\\u0631\\u0629\",\"search_student\":\"\\u0627\\u0644\\u0628\\u062d\\u062b \\u0627\\u0644\\u0637\\u0644\\u0628\\u0629\",\" my_profile\":\"\\u0645\\u0644\\u0641\\u064a \\u0627\\u0644\\u0634\\u062e\\u0635\\u064a\",\" change_password\":\"\\u062a\\u063a\\u064a\\u064a\\u0631 \\u0643\\u0644\\u0645\\u0629 \\u0627\\u0644\\u0633\\u0631\",\" feedback\":\"\\u0631\\u062f\\u0648\\u062f \\u0627\\u0644\\u0641\\u0639\\u0644\",\" notifications\":\"\\u0627\\u0644\\u0625\\u0634\\u0639\\u0627\\u0631\\u0627\\u062a\",\"_messages\":\"\\u0631\\u0633\\u0627\\u0626\\u0644\",\"_languages\":\"\\u0627\\u0644\\u0644\\u063a\\u0627\\u062a\",\"_logout\":\"\\u062e\\u0631\\u0648\\u062c\",\"academic_operations\":\"\\u0639\\u0645\\u0644\\u064a\\u0627\\u062a \\u0627\\u0644\\u0623\\u0643\\u0627\\u062f\\u064a\\u0645\\u064a\\u0629\",\"certificates\":\"\\u0634\\u0647\\u0627\\u062f\\u0627\\u062a\",\"transfers\":\"\\u0646\\u0642\\u0644\",\"timetable\":\"\\u0627\\u0644\\u062c\\u062f\\u0648\\u0644 \\u0627\\u0644\\u0632\\u0645\\u0646\\u064a\",\"offline_exams_\":\"\\u0627\\u0644\\u0627\\u0645\\u062a\\u062d\\u0627\\u0646\\u0627\\u062a \\u0645\\u062a\\u0648\\u0627\\u062c\\u062f \\u062d\\u0627\\u0644\\u064a\\u0627\",\"certificate_templates\":\"\\u0642\\u0648\\u0627\\u0644\\u0628 \\u0627\\u0644\\u0634\\u0647\\u0627\\u062f\\u0627\\u062a\",\"please_wait\":\"\\u0623\\u0631\\u062c\\u0648 \\u0627\\u0644\\u0625\\u0646\\u062a\\u0638\\u0627\\u0631\",\"class_attendance_report\":\"\\u062a\\u0642\\u0631\\u064a\\u0631 \\u0627\\u0644\\u0637\\u0628\\u0642\\u0629 \\u0627\\u0644\\u062d\\u0636\\u0648\\u0631\",\"class_marks_report\":\"\\u062a\\u0642\\u0631\\u064a\\u0631 \\u0645\\u0627\\u0631\\u0643\\u0633 \\u0627\\u0644\\u0637\\u0628\\u0642\\u0629\",\"student_list\":\"\\u0642\\u0627\\u0626\\u0645\\u0629 \\u0627\\u0644\\u0637\\u0644\\u0628\\u0629\",\"students_completed_list\":\"\\u0627\\u0644\\u0637\\u0644\\u0627\\u0628 \\u0642\\u0627\\u0626\\u0645\\u0629 \\u0627\\u0644\\u0645\\u0646\\u062c\\u0632\\u0629\",\"offline_exams_categories\":\"\\u0627\\u0644\\u0627\\u0645\\u062a\\u062d\\u0627\\u0646\\u0627\\u062a \\u062d\\u0627\\u0644\\u064a\\u0627 \\u0627\\u0644\\u0641\\u0626\\u0627\\u062a\",\"student_book_return\":\"\\u0643\\u062a\\u0627\\u0628 \\u0627\\u0644\\u0637\\u0627\\u0644\\u0628 \\u0627\\u0644\\u0639\\u0648\\u062f\\u0629\",\"staff_book_return\":\"\\u0627\\u0644\\u0645\\u0648\\u0638\\u0641\\u064a\\u0646 \\u0643\\u062a\\u0627\\u0628 \\u0627\\u0644\\u0639\\u0648\\u062f\\u0629\",\"master_setup\":\"\\u0625\\u0639\\u062f\\u0627\\u062f \\u0627\\u0644\\u0631\\u0626\\u064a\\u0633\\u064a\\u0629\",\"categories_master\":\"\\u0641\\u0626\\u0627\\u062a \\u0645\\u0627\\u0633\\u062a\\u0631\",\"academics\":\"\\u0623\\u0643\\u0627\\u062f\\u064a\\u0645\\u064a\\u0648\\u0646\",\"latest_students\":\"\\u0623\\u062d\\u062f\\u062b \\u0627\\u0644\\u0637\\u0644\\u0627\\u0628\",\"view_all_users\":\"\\u0639\\u0631\\u0636 \\u062c\\u0645\\u064a\\u0639 \\u0627\\u0644\\u0623\\u0639\\u0636\\u0627\\u0621\",\"latest_quizzes\":\"\\u0623\\u062d\\u062f\\u062b \\u0645\\u0633\\u0627\\u0628\\u0642\\u0627\\u062a\",\"upcoming_offline_quizzes\":\"\\u0627\\u0644\\u0642\\u0627\\u062f\\u0645 \\u063a\\u064a\\u0631 \\u0645\\u062a\\u0635\\u0644 \\u0645\\u0633\\u0627\\u0628\\u0642\\u0627\\u062a\",\"no_quizzes_available\":\"\\u0644\\u0627 \\u0645\\u0633\\u0627\\u0628\\u0642\\u0627\\u062a \\u0645\\u062a\\u0627\\u062d\",\"click_here\":\"\\u0627\\u0646\\u0642\\u0631 \\u0647\\u0646\\u0627\",\"to_change_your_settings\":\"\\u0644\\u062a\\u063a\\u064a\\u064a\\u0631 \\u0627\\u0644\\u0625\\u0639\\u062f\\u0627\\u062f\\u0627\\u062a\",\"recent_quiz_takers\":\"\\u0627\\u0644\\u0622\\u062e\\u0630\\u0648\\u0646 \\u0645\\u0633\\u0627\\u0628\\u0642\\u0629 \\u0627\\u0644\\u0632\\u0648\\u0627\\u0631\",\"quiz_name\":\"\\u0627\\u0633\\u0645 \\u0645\\u0633\\u0627\\u0628\\u0642\\u0629\",\"users_dashboard\":\"\\u0644\\u0648\\u062d\\u0629 \\u0627\\u0644\\u0645\\u0633\\u062a\\u062e\\u062f\\u0645\\u064a\\u0646\",\"owners\":\"\\u0623\\u0635\\u062d\\u0627\\u0628\",\"admins\":\"\\u0645\\u062f\\u0631\\u0627\\u0621\",\"librarians\":\"\\u0623\\u0645\\u0646\\u0627\\u0621 \\u0627\\u0644\\u0645\\u0643\\u062a\\u0628\\u0627\\u062a\",\"assistant_librarians\":\"\\u0623\\u0645\\u0646\\u0627\\u0621 \\u0627\\u0644\\u0645\\u0643\\u062a\\u0628\\u0627\\u062a \\u0645\\u0633\\u0627\\u0639\\u062f\",\"parents\":\"\\u0627\\u0644\\u0622\\u0628\\u0627\\u0621\",\"all_users\":\"\\u062c\\u0645\\u064a\\u0639 \\u0627\\u0644\\u0645\\u0633\\u062a\\u062e\\u062f\\u0645\\u064a\\u0646\",\"staff_inactive_list\":\"\\u0642\\u0627\\u0626\\u0645\\u0629 \\u063a\\u064a\\u0631 \\u0641\\u0639\\u0627\\u0644 \\u0627\\u0644\\u0645\\u0648\\u0638\\u0641\\u064a\\u0646\",\"create_user\":\"\\u0625\\u0646\\u0634\\u0627\\u0621 \\u0645\\u0633\\u062a\\u062e\\u062f\\u0645\",\"owner\":\"\\u0635\\u0627\\u062d\\u0628\",\"staff_status\":\"\\u0627\\u0644\\u062d\\u0627\\u0644\\u0629 \\u0627\\u0644\\u0645\\u0648\\u0638\\u0641\\u064a\\u0646\",\"are_you_sure_to_make_user_active\":\"\\u0647\\u0644 \\u0623\\u0646\\u062a \\u0645\\u062a\\u0623\\u0643\\u062f \\u0645\\u0646 \\u062c\\u0639\\u0644 \\u0627\\u0644\\u0645\\u0633\\u062a\\u062e\\u062f\\u0645 \\u0646\\u0634\\u0637\",\"are_you_sure_to_make_user_inactive\":\"\\u0647\\u0644 \\u0623\\u0646\\u062a \\u0645\\u062a\\u0623\\u0643\\u062f \\u0645\\u0646 \\u062c\\u0639\\u0644 \\u0627\\u0644\\u0639\\u0636\\u0648 \\u063a\\u064a\\u0631 \\u0641\\u0639\\u0627\\u0644\",\"admin\":\"\\u0645\\u0634\\u0631\\u0641\",\"master_setup_dashboard\":\"\\u0644\\u0648\\u062d\\u0629 \\u0625\\u0639\\u062f\\u0627\\u062f \\u0627\\u0644\\u0631\\u0626\\u064a\\u0633\\u064a\\u0629\",\"academic_years\":\"\\u0633\\u0646\\u0648\\u0627\\u062a \\u0627\\u0644\\u0623\\u0643\\u0627\\u062f\\u064a\\u0645\\u064a\\u0629\",\"course_list\":\"\\u0642\\u0627\\u0626\\u0645\\u0629 \\u0628\\u0627\\u0644\\u0637\\u0628\\u0639\",\"add_course\":\"\\u0625\\u0636\\u0627\\u0641\\u0629 \\u062f\\u0648\\u0631\\u0629\",\"subject_master\":\"\\u064a\\u062e\\u0636\\u0639 \\u0645\\u0627\\u0633\\u062a\\u0631\",\"allocate_subject_to_course\":\"\\u062a\\u062e\\u0635\\u064a\\u0635 \\u0645\\u0648\\u0636\\u0648\\u0639 \\u0644\\u062f\\u0648\\u0631\\u0629\",\"allocate_staff_to_subject\":\"\\u062a\\u062e\\u0635\\u064a\\u0635 \\u0645\\u0648\\u0638\\u0641\\u064a\\u0646 \\u0644\\u0625\\u062e\\u0636\\u0627\\u0639\",\"allocate_courses\":\"\\u062a\\u062e\\u0635\\u064a\\u0635 \\u062f\\u0648\\u0631\\u0627\\u062a\",\"academic_operations_dashboard\":\"\\u0623\\u0643\\u0627\\u062f\\u064a\\u0645\\u064a \\u0644\\u0648\\u062d\\u0629 \\u0627\\u0644\\u0639\\u0645\\u0644\\u064a\\u0627\\u062a\",\"offline_exams\":\"\\u0627\\u0644\\u0627\\u0645\\u062a\\u062d\\u0627\\u0646\\u0627\\u062a \\u0645\\u062a\\u0648\\u0627\\u062c\\u062f \\u062d\\u0627\\u0644\\u064a\\u0627\",\"students_list_class_wise\":\"\\u0627\\u0644\\u0637\\u0644\\u0627\\u0628 \\u0642\\u0627\\u0626\\u0645\\u0629 \\u0627\\u0644\\u062f\\u0631\\u062c\\u0629 \\u0627\\u0644\\u062d\\u0643\\u064a\\u0645\",\"course_completed_students_list_class_wise\":\"\\u0628\\u0627\\u0644\\u0637\\u0628\\u0639 \\u0627\\u0644\\u0627\\u0646\\u062a\\u0647\\u0627\\u0621 \\u0642\\u0627\\u0626\\u0645\\u0629 \\u0637\\u0644\\u0627\\u0628 \\u0627\\u0644\\u0635\\u0641 \\u0627\\u0644\\u062d\\u0643\\u064a\\u0645\",\"exams_dashboard\":\"\\u0627\\u0644\\u0627\\u0645\\u062a\\u062d\\u0627\\u0646\\u0627\\u062a \\u0644\\u0648\\u062d\\u0629\",\"offline_exmas_categories\":\"\\u062d\\u0627\\u0644\\u064a\\u0627 Exmas \\u0627\\u0644\\u0641\\u0626\\u0627\\u062a\",\"exam-series\":\"\\u0627\\u0645\\u062a\\u062d\\u0627\\u0646 \\u0633\\u0644\\u0633\\u0644\\u0629\",\"offline_quiz_categories\":\"\\u062d\\u0627\\u0644\\u064a\\u0627 \\u0645\\u0633\\u0627\\u0628\\u0642\\u0629 \\u0627\\u0644\\u0641\\u0626\\u0627\\u062a\",\"sno\":\"\\u0633\\u0646\\u0648\",\"coupon_codes\":\"\\u0631\\u0645\\u0648\\u0632 \\u0627\\u0644\\u0642\\u0633\\u064a\\u0645\\u0629\",\"select_details\":\"\\u062d\\u062f\\u062f \\u062a\\u0641\\u0627\\u0635\\u064a\\u0644\",\"search\":\"\\u0628\\u062d\\u062b\",\"roll_no\":\"\\u0644\\u0641\\u0629 \\u0644\\u0627\",\"admission_no\":\"\\u0627\\u0644\\u0642\\u0628\\u0648\\u0644 \\u0644\\u0627\",\"class\":\"\\u0635\\u0641 \\u062f\\u0631\\u0627\\u0633\\u064a\",\"year\":\"\\u0639\\u0627\\u0645\",\"semester\":\"\\u0646\\u0635\\u0641 \\u0627\\u0644\\u0633\\u0646\\u0629\",\"create_message\":\"\\u0625\\u0646\\u0634\\u0627\\u0621 \\u0631\\u0633\\u0627\\u0644\\u0629\",\"inbox\":\"\\u0635\\u0646\\u062f\\u0648\\u0642 \\u0627\\u0644\\u0648\\u0627\\u0631\\u062f\",\"compose\":\"\\u0645\\u0624\\u0644\\u0641 \\u0645\\u0648\\u0633\\u064a\\u0642\\u0649\",\"sorry_no_messages_available\":\"\\u0639\\u0630\\u0631\\u0627 \\u0644\\u0627 \\u0631\\u0633\\u0627\\u0626\\u0644 \\u0627\\u0644\\u0645\\u062a\\u0648\\u0641\\u0631\\u0629\"}','2016-08-18 05:40:49','2017-02-03 10:38:56'),(6,'Tamil','tamil','ta',0,0,0,'{\"success\":\"\\u0bb5\\u0bc6\\u0bb1\\u0bcd\\u0bb1\\u0bbf\",\"record_updated_successfully\":\"\\u0baa\\u0ba4\\u0bbf\\u0bb5\\u0bc1 \\u0bb5\\u0bc6\\u0bb1\\u0bcd\\u0bb1\\u0bbf\\u0b95\\u0bb0\\u0bae\\u0bbe\\u0b95 \\u0baa\\u0bc1\\u0ba4\\u0bc1\\u0baa\\u0bcd\\u0baa\\u0bbf\\u0b95\\u0bcd\\u0b95\\u0baa\\u0bcd\\u0baa\\u0b9f\\u0bcd\\u0b9f\\u0ba4\\u0bc1\",\"languages\":\"\\u0bae\\u0bc6\\u0bbe\\u0bb4\\u0bbf\\u0b95\\u0bb3\\u0bcd\",\"create\":\"\\u0b89\\u0bb0\\u0bc1\\u0bb5\\u0bbe\\u0b95\\u0bcd\\u0b95\\u0bc1\",\"language\":\"\\u0bae\\u0bc6\\u0bbe\\u0bb4\\u0bbf\",\"code\":\"\\u0b95\\u0bc1\\u0bb1\\u0bbf\\u0baf\\u0bc0\\u0b9f\\u0bc1\",\"is_rtl\":\"\\u0bb5\\u0bb2\\u0bae\\u0bbf\\u0bb0\\u0bc1\\u0ba8\\u0bcd\\u0ba4\\u0bc1 \\u0b87\\u0b9f\\u0bae\\u0bbe\\u0b95 \\u0b87\\u0bb0\\u0bc1\\u0b95\\u0bcd\\u0b95\\u0bbf\\u0bb1\\u0ba4\\u0bc1\",\"default_language\":\"\\u0b87\\u0baf\\u0bb2\\u0bcd\\u0baa\\u0bc1\\u0ba8\\u0bbf\\u0bb2\\u0bc8 \\u0bae\\u0bc6\\u0bbe\\u0bb4\\u0bbf\",\"action\":\"\\u0b85\\u0ba4\\u0bbf\\u0bb0\\u0b9f\\u0bbf\",\"deleted\":\"\\u0ba8\\u0bc0\\u0b95\\u0bcd\\u0b95\\u0baa\\u0bcd\\u0baa\\u0b9f\\u0bcd\\u0b9f\",\"sorry\":\"\\u0bae\\u0ba9\\u0bcd\\u0ba9\\u0bbf\\u0b95\\u0bcd\\u0b95\\u0bb5\\u0bc1\\u0bae\\u0bcd\",\"cannot_delete_this_record_as\":\"\\u0b87\\u0ba8\\u0bcd\\u0ba4 \\u0b9a\\u0bbe\\u0ba4\\u0ba9\\u0bc8\\u0baf\\u0bc8 \\u0baa\\u0bc7\\u0bbe\\u0bb2\\u0bcd \\u0ba8\\u0bc0\\u0b95\\u0bcd\\u0b95 \\u0bae\\u0bc1\\u0b9f\\u0bbf\\u0baf\\u0bbe\\u0ba4\\u0bc1\",\"site_title\":\"\\u0ba4\\u0bb3 \\u0ba4\\u0bb2\\u0bc8\\u0baa\\u0bcd\\u0baa\\u0bc1\",\"latest_users\":\"\\u0b9a\\u0bae\\u0bc0\\u0baa\\u0ba4\\u0bcd\\u0ba4\\u0bbf\\u0baf \\u0baa\\u0baf\\u0ba9\\u0bb0\\u0bcd\\u0b95\\u0bb3\\u0bcd\",\"was_joined_as\":\"\\u0b8e\\u0ba9 \\u0b87\\u0ba3\\u0bc8\\u0ba8\\u0bcd\\u0ba4\\u0bc1 \\u0b95\\u0bc6\\u0bbe\\u0ba3\\u0bcd\\u0b9f\\u0ba9\\u0bb0\\u0bcd\",\"see_more\":\"\\u0bae\\u0bc7\\u0bb2\\u0bc1\\u0bae\\u0bcd \\u0baa\\u0bbe\\u0bb0\\u0bcd\\u0b95\\u0bcd\\u0b95\",\"my_profile\":\"\\u0b8e\\u0ba9\\u0bcd \\u0b9a\\u0bc1\\u0baf\\u0bb5\\u0bbf\\u0bb5\\u0bb0\\u0bae\\u0bcd\",\"change_password\":\"\\u0b95\\u0b9f\\u0bb5\\u0bc1\\u0b9a\\u0bcd\\u0b9a\\u0bc6\\u0bbe\\u0bb2\\u0bcd\\u0bb2\\u0bc8 \\u0bae\\u0bbe\\u0bb1\\u0bcd\\u0bb1\\u0bc1\",\"logout\":\"\\u0bb5\\u0bc6\\u0bb3\\u0bbf\\u0baf\\u0bc7\\u0bb1\\u0bc1\",\"dashboard\":\"\\u0b9f\\u0bbe\\u0bb7\\u0bcd\\u0baa\\u0bc7\\u0bbe\\u0bb0\\u0bcd\\u0b9f\\u0bc1\",\"users\":\"\\u0baa\\u0baf\\u0ba9\\u0bb0\\u0bcd\\u0b95\\u0bb3\\u0bcd\",\"roles\":\"\\u0baa\\u0bbe\\u0ba4\\u0bcd\\u0ba4\\u0bbf\\u0bb0\\u0b99\\u0bcd\\u0b95\\u0bb3\\u0bcd\",\"fee_settings\":\"\\u0b95\\u0b9f\\u0bcd\\u0b9f\\u0ba3\\u0bae\\u0bcd \\u0b85\\u0bae\\u0bc8\\u0baa\\u0bcd\\u0baa\\u0bc1\\u0b95\\u0bb3\\u0bcd\",\"fee_categories\":\"\\u0b95\\u0b9f\\u0bcd\\u0b9f\\u0ba3\\u0bae\\u0bcd \\u0bb5\\u0b95\\u0bc8\\u0b95\\u0bb3\\u0bcd\",\"fee_category_allotment\":\"\\u0b95\\u0b9f\\u0bcd\\u0b9f\\u0ba3\\u0bae\\u0bcd \\u0baa\\u0b95\\u0bc1\\u0baa\\u0bcd\\u0baa\\u0bc1 \\u0b92\\u0ba4\\u0bc1\\u0b95\\u0bcd\\u0b95\\u0bc0\\u0b9f\\u0bc1\",\"fee_particulars\":\"\\u0b95\\u0b9f\\u0bcd\\u0b9f\\u0ba3\\u0bae\\u0bcd \\u0bb5\\u0bbf\\u0baa\\u0bb0\\u0b99\\u0bcd\\u0b95\\u0bb3\\u0bcd\",\"fee_schedules\":\"\\u0b95\\u0b9f\\u0bcd\\u0b9f\\u0ba3\\u0bae\\u0bcd \\u0bb5\\u0bbf\\u0bae\\u0bbe\\u0ba9 \\u0b95\\u0bbe\\u0bb2 \\u0b85\\u0b9f\\u0bcd\\u0b9f\\u0bb5\\u0ba3\\u0bc8\\u0b95\\u0bb3\\u0bcd\",\"fines\":\"\\u0b85\\u0baa\\u0bb0\\u0bbe\\u0ba4\\u0bae\\u0bcd\",\"discounts\":\"\\u0ba4\\u0bb3\\u0bcd\\u0bb3\\u0bc1\\u0baa\\u0b9f\\u0bbf\\u0b95\\u0bb3\\u0bcd\",\"master_settings\":\"\\u0bae\\u0bbe\\u0bb8\\u0bcd\\u0b9f\\u0bb0\\u0bcd \\u0b85\\u0bae\\u0bc8\\u0baa\\u0bcd\\u0baa\\u0bc1\\u0b95\\u0bb3\\u0bcd\",\"religions_master\":\"\\u0bae\\u0ba4\\u0b99\\u0bcd\\u0b95\\u0bb3\\u0bcd \\u0bae\\u0bbe\\u0bb8\\u0bcd\\u0b9f\\u0bb0\\u0bcd\",\"academics_master\":\"\\u0b95\\u0bb2\\u0bcd\\u0bb5\\u0bbf\\u0baf\\u0bbe\\u0bb3\\u0bb0\\u0bcd\\u0b95\\u0bb3\\u0bcd \\u0bae\\u0bbe\\u0bb8\\u0bcd\\u0b9f\\u0bb0\\u0bcd\",\"courses_master\":\"\\u0bae\\u0bc8\\u0ba4\\u0bbe\\u0ba9\\u0b99\\u0bcd\\u0b95\\u0bb3\\u0bcd \\u0bae\\u0bbe\\u0bb8\\u0bcd\\u0b9f\\u0bb0\\u0bcd\",\"subjects_master\":\"\\u0baa\\u0bbe\\u0b9f\\u0b99\\u0bcd\\u0b95\\u0bb3\\u0bcd \\u0bae\\u0bbe\\u0bb8\\u0bcd\\u0b9f\\u0bb0\\u0bcd\",\"subject_topics\":\"\\u0baa\\u0bc6\\u0bbe\\u0bb0\\u0bc1\\u0bb3\\u0bcd \\u0ba4\\u0bb2\\u0bc8\\u0baa\\u0bcd\\u0baa\\u0bc1\\u0b95\\u0bb3\\u0bcd\",\"course_subjects\":\"\\u0baa\\u0bbe\\u0b9f\\u0ba4\\u0bcd\\u0ba4\\u0bbf\\u0b9f\\u0bcd\\u0b9f\\u0b99\\u0bcd\\u0b95\\u0bb3\\u0bc8\",\"email_templates\":\"\\u0bae\\u0bbf\\u0ba9\\u0bcd\\u0ba9\\u0b9e\\u0bcd\\u0b9a\\u0bb2\\u0bcd \\u0bb5\\u0bbe\\u0bb0\\u0bcd\\u0baa\\u0bcd\\u0baa\\u0bc1\",\"exams\":\"\\u0ba4\\u0bc7\\u0bb0\\u0bcd\\u0bb5\\u0bc1\\u0b95\\u0bb3\\u0bcd\",\"categories\":\"\\u0bb5\\u0b95\\u0bc8\\u0b95\\u0bb3\\u0bcd\",\"question_bank\":\"\\u0b95\\u0bc7\\u0bb3\\u0bcd\\u0bb5\\u0bbf \\u0bb5\\u0b99\\u0bcd\\u0b95\\u0bbf\",\"quiz\":\"\\u0bb5\\u0bbf\\u0ba9\\u0bbe\\u0b9f\\u0bbf \\u0bb5\\u0bbf\\u0ba9\\u0bbe\",\"lms\":\"LMS\",\"content\":\"\\u0b89\\u0bb3\\u0bcd\\u0bb3\\u0b9f\\u0b95\\u0bcd\\u0b95\",\"study_materials\":\"\\u0b86\\u0baf\\u0bcd\\u0bb5\\u0bc1 \\u0baa\\u0bc6\\u0bbe\\u0bb0\\u0bc1\\u0b9f\\u0bcd\\u0b95\\u0bb3\\u0bcd\",\"library\":\"\\u0ba8\\u0bc2\\u0bb2\\u0b95\\u0bae\\u0bcd\",\"asset_types\":\"\\u0b9a\\u0bc6\\u0bbe\\u0ba4\\u0bcd\\u0ba4\\u0bc1 \\u0bb5\\u0b95\\u0bc8\\u0b95\\u0bb3\\u0bcd\",\"master_data\":\"\\u0baa\\u0bbf\\u0bb0\\u0ba4\\u0bbe\\u0ba9 \\u0ba4\\u0bb0\\u0bb5\\u0bc1\",\"publishers\":\"\\u0baa\\u0baa\\u0bcd\\u0bb3\\u0bbf\\u0bb7\\u0bb0\\u0bcd\\u0bb8\\u0bcd\",\"authors\":\"\\u0b86\\u0b9a\\u0bbf\\u0bb0\\u0bbf\\u0baf\\u0bb0\\u0bcd\\u0b95\\u0bb3\\u0bcd\",\"students\":\"\\u0bae\\u0bbe\\u0ba3\\u0bb5\\u0bb0\\u0bcd\\u0b95\\u0bb3\\u0bcd\",\"staff\":\"\\u0b8a\\u0bb4\\u0bbf\\u0baf\\u0bb0\\u0bcd\\u0b95\\u0bb3\\u0bcd\",\"school_hub\":\"\\u0baa\\u0bb3\\u0bcd\\u0bb3\\u0bbf \\u0bae\\u0bc8\\u0baf\\u0bae\\u0bcd\",\"attendance\":\"\\u0bb5\\u0bb0\\u0bc1\\u0b95\\u0bc8\",\"edit\":\"\\u0ba4\\u0bc6\\u0bbe\\u0b95\\u0bc1\",\"delete\":\"\\u0b85\\u0bb4\\u0bbf\",\"enable\":\"\\u0b87\\u0baf\\u0b95\\u0bcd\\u0b95\\u0bc1\",\"set_default\":\"\\u0b87\\u0baf\\u0bb2\\u0bcd\\u0baa\\u0bbe\\u0b95 \\u0b85\\u0bae\\u0bc8\",\"disable\":\"\\u0bae\\u0bc1\\u0b9f\\u0b95\\u0bcd\\u0b95\\u0bc1\",\"user_statistics\":\"\\u0baa\\u0baf\\u0ba9\\u0bb0\\u0bcd \\u0baa\\u0bc1\\u0bb3\\u0bcd\\u0bb3\\u0bbf \\u0bb5\\u0bbf\\u0baa\\u0bb0\\u0b99\\u0bcd\\u0b95\\u0bb3\\u0bcd\",\"view_all\":\"\\u0b95\\u0bbe\\u0ba3\\u0bcd\\u0b95 \\u0b85\\u0ba9\\u0bc8\\u0ba4\\u0bcd\\u0ba4\\u0bc1\",\"quiz_categories\":\"\\u0bb5\\u0bbf\\u0ba9\\u0bbe\\u0b9f\\u0bbf \\u0bb5\\u0bbf\\u0ba9\\u0bbe \\u0bb5\\u0b95\\u0bc8\\u0b95\\u0bb3\\u0bcd\",\"quizzes\":\"\\u0bb5\\u0bbf\\u0ba9\\u0bbe\\u0bb5\\u0bbf\\u0b9f\\u0bc8\",\"subjects\":\"\\u0baa\\u0bbe\\u0b9f\\u0b99\\u0bcd\\u0b95\\u0bb3\\u0bcd\",\"topics\":\"\\u0ba4\\u0bb2\\u0bc8\\u0baa\\u0bcd\\u0baa\\u0bc1\\u0b95\\u0bb3\\u0bcd\",\"questions\":\"\\u0b95\\u0bc7\\u0bb3\\u0bcd\\u0bb5\\u0bbf\\u0b95\\u0bb3\\u0bcd\",\"home\":\"\\u0bae\\u0bc1\\u0b95\\u0baa\\u0bcd\\u0baa\\u0bc1\",\"faqs\":\"\\u0b95\\u0bc7\\u0bb3\\u0bcd\\u0bb5\\u0bbf \\u0baa\\u0ba4\\u0bbf\\u0bb2\\u0bcd\",\"about_us\":\"\\u0b8e\\u0b99\\u0bcd\\u0b95\\u0bb3\\u0bc8 \\u0baa\\u0bb1\\u0bcd\\u0bb1\\u0bbf\",\"contact_us\":\"\\u0b8e\\u0b99\\u0bcd\\u0b95\\u0bb3\\u0bc8 \\u0ba4\\u0bc6\\u0bbe\\u0b9f\\u0bb0\\u0bcd\\u0baa\\u0bc1\",\"email\":\"\\u0bae\\u0bbf\\u0ba9\\u0bcd\\u0ba9\\u0b9e\\u0bcd\\u0b9a\\u0bb2\\u0bcd\",\"password\":\"\\u0b95\\u0b9f\\u0bb5\\u0bc1\\u0b9a\\u0bcd\\u0b9a\\u0bc6\\u0bbe\\u0bb2\\u0bcd\",\"login\":\"\\u0b89\\u0bb3\\u0bcd \\u0ba8\\u0bc1\\u0bb4\\u0bc8\",\"forgot_password\":\"\\u0b95\\u0b9f\\u0bb5\\u0bc1\\u0b9a\\u0bcd\\u0b9a\\u0bc6\\u0bbe\\u0bb2\\u0bcd \\u0bae\\u0bb1\\u0ba8\\u0bcd\\u0ba4\\u0bc1 \\u0bb5\\u0bbf\\u0b9f\\u0bcd\\u0b9f\\u0bc0\\u0bb0\\u0bcd\\u0b95\\u0bb3\\u0bbe\",\"register\":\"\\u0baa\\u0ba4\\u0bbf\\u0bb5\\u0bc1\",\"this_field_id_required\":\"\\u0b87\\u0ba8\\u0bcd\\u0ba4 \\u0ba4\\u0bc1\\u0bb1\\u0bc8\\u0baf\\u0bbf\\u0bb2\\u0bcd \\u0b90\\u0b9f\\u0bbf \\u0ba4\\u0bc7\\u0bb5\\u0bc8\",\"please_enter_valid_email\":\"\\u0b9a\\u0bb0\\u0bbf\\u0baf\\u0bbe\\u0ba9 \\u0bae\\u0bbf\\u0ba9\\u0bcd\\u0ba9\\u0b9e\\u0bcd\\u0b9a\\u0bb2\\u0bc8 \\u0b89\\u0bb3\\u0bcd\\u0bb3\\u0bbf\\u0b9f\\u0bb5\\u0bc1\\u0bae\\u0bcd\",\"this_field_is_required\":\"\\u0b87\\u0ba8\\u0bcd\\u0ba4 \\u0ba4\\u0bc1\\u0bb1\\u0bc8\\u0baf\\u0bbf\\u0bb2\\u0bcd \\u0ba4\\u0bc7\\u0bb5\\u0bc8\",\"the_text_is_too_short\":\"\\u0b89\\u0bb0\\u0bc8 \\u0bae\\u0bbf\\u0b95\\u0bb5\\u0bc1\\u0bae\\u0bcd \\u0b9a\\u0bbf\\u0bb1\\u0bbf\\u0baf\\u0ba4\\u0bbe\\u0b95 \\u0b89\\u0bb3\\u0bcd\\u0bb3\\u0ba4\\u0bc1\",\"settings\":\"\",\"are_you_sure\":\"\\u0ba8\\u0bc0 \\u0b9a\\u0bc6\\u0bbe\\u0bb2\\u0bcd\\u0bb5\\u0ba4\\u0bc1 \\u0b89\\u0bb1\\u0bc1\\u0ba4\\u0bbf\\u0baf\\u0bbe\",\"you_will_not_be_able_to_recover_this_record\":\"\\u0b87\\u0ba8\\u0bcd\\u0ba4\\u0baa\\u0bcd \\u0baa\\u0ba4\\u0bbf\\u0bb5\\u0bbf\\u0bb2\\u0bcd \\u0bae\\u0bc0\\u0b9f\\u0bcd\\u0b95 \\u0bae\\u0bc1\\u0b9f\\u0bbf\\u0baf\\u0bbe\\u0ba4\\u0bc1\",\"yes\":\"\\u0b86\\u0bae\\u0bcd\",\"delete_it\":\"\\u0ba8\\u0bc0\\u0b95\\u0bcd\\u0b95\\u0bc1\",\"no\":\"\\u0b87\\u0bb2\\u0bcd\\u0bb2\\u0bc8\",\"cancel_please\":\"\\u0bb0\\u0ba4\\u0bcd\\u0ba4\\u0bc1 \\u0b9a\\u0bc6\\u0baf\\u0bcd\\u0b95\",\"your_record_has_been_deleted\":\"\\u0b89\\u0b99\\u0bcd\\u0b95\\u0bb3\\u0bcd \\u0baa\\u0ba4\\u0bbf\\u0bb5\\u0bc1 \\u0ba8\\u0bc0\\u0b95\\u0bcd\\u0b95\\u0baa\\u0bcd\\u0baa\\u0b9f\\u0bcd\\u0b9f\\u0ba4\\u0bc1\",\"cancelled\":\"\\u0bb0\\u0ba4\\u0bcd\\u0ba4\\u0bc1\",\"your_record_is_safe\":\"\\u0b89\\u0b99\\u0bcd\\u0b95\\u0bb3\\u0bcd \\u0b9a\\u0bbe\\u0ba4\\u0ba9\\u0bc8\\u0baf\\u0bc8 \\u0baa\\u0bbe\\u0ba4\\u0bc1\\u0b95\\u0bbe\\u0baa\\u0bcd\\u0baa\\u0bbe\\u0ba9\\u0ba4\\u0bc1\",\"exam_series\":\"\\u0ba4\\u0bc7\\u0bb0\\u0bcd\\u0bb5\\u0bc1 \\u0ba4\\u0bc6\\u0bbe\\u0b9f\\u0bb0\\u0bcd\",\"instructions\":\"\\u0bb5\\u0bb4\\u0bbf\\u0bae\\u0bc1\\u0bb1\\u0bc8\\u0b95\\u0bb3\\u0bcd\",\"coupons\":\"\\u0b95\\u0bc2\\u0baa\\u0bcd\\u0baa\\u0ba9\\u0bcd\\u0b95\\u0bb3\\u0bcd\",\"list\":\"\\u0baa\\u0b9f\\u0bcd\\u0b9f\\u0bbf\\u0baf\\u0bb2\\u0bcd\",\"add\":\"\\u0b95\\u0bc2\\u0b9f\\u0bcd\\u0b9f\\u0bc1\",\"contents\":\"\\u0baa\\u0bc6\\u0bbe\\u0bb0\\u0bc1\\u0bb3\\u0b9f\\u0b95\\u0bcd\\u0b95\\u0bae\\u0bcd\",\"series\":\"\\u0ba4\\u0bc6\\u0bbe\\u0b9f\\u0bb0\\u0bcd\",\"payment_reports\":\"\\u0b95\\u0bc6\\u0bbe\\u0b9f\\u0bc1\\u0baa\\u0bcd\\u0baa\\u0ba9\\u0bb5\\u0bc1 \\u0b85\\u0bb1\\u0bbf\\u0b95\\u0bcd\\u0b95\\u0bc8\\u0b95\\u0bb3\\u0bcd\",\"online_payments\":\"\\u0b86\\u0ba9\\u0bcd\\u0bb2\\u0bc8\\u0ba9\\u0bcd \\u0b95\\u0bc6\\u0bbe\\u0b9f\\u0bc1\\u0baa\\u0bcd\\u0baa\\u0ba9\\u0bb5\\u0bc1\",\"offline_payments\":\"\\u0ba8\\u0ba9\\u0bcd\\u0bb1\\u0bbf \\u0b9a\\u0bc6\\u0bb2\\u0bc1\\u0ba4\\u0bcd\\u0ba4\\u0bc1\\u0bae\\u0bcd\",\"export\":\"\\u0b8f\\u0bb1\\u0bcd\\u0bb1\\u0bc1\\u0bae\\u0ba4\\u0bbf\",\"notifications\":\"\\u0b85\\u0bb1\\u0bbf\\u0bb5\\u0bbf\\u0baa\\u0bcd\\u0baa\\u0bc1\\u0b95\\u0bb3\\u0bcd\",\"sms\":\"\\u0b8e\\u0bb8\\u0bcd\\u0b8e\\u0bae\\u0bcd\\u0b8e\\u0bb8\\u0bcd\",\"feedback\":\"\\u0b95\\u0bb0\\u0bc1\\u0ba4\\u0bcd\\u0ba4\\u0bc1\",\"update_strings\":\"\\u0b9a\\u0bb0\\u0b99\\u0bcd\\u0b95\\u0bb3\\u0bc8 \\u0baa\\u0bc1\\u0ba4\\u0bc1\\u0baa\\u0bcd\\u0baa\\u0bbf\\u0b95\\u0bcd\\u0b95\\u0baa\\u0bcd\\u0baa\\u0b9f\\u0bcd\\u0b9f\\u0ba4\\u0bc1\",\"create_series\":\"\\u0ba4\\u0bc6\\u0bbe\\u0b9f\\u0bb0\\u0bc8 \\u0b89\\u0bb0\\u0bc1\\u0bb5\\u0bbe\\u0b95\\u0bcd\\u0b95\\u0bc1\",\"title\":\"\\u0ba4\\u0bb2\\u0bc8\\u0baa\\u0bcd\\u0baa\\u0bc1\",\"duration\":\"\\u0b95\\u0bbe\\u0bb2\\u0bae\\u0bcd\",\"category\":\"\\u0baa\\u0b95\\u0bc1\\u0baa\\u0bcd\\u0baa\\u0bc1\",\"is_paid\":\"\\u0b9a\\u0bc6\\u0bb2\\u0bc1\\u0ba4\\u0bcd\\u0ba4\\u0baa\\u0bcd\\u0baa\\u0b9f\\u0bc1\\u0b95\\u0bbf\\u0bb1\\u0ba4\\u0bc1\",\"total_marks\":\"\\u0bae\\u0bc6\\u0bbe\\u0ba4\\u0bcd\\u0ba4 \\u0bae\\u0ba4\\u0bbf\\u0baa\\u0bcd\\u0baa\\u0bc6\\u0ba3\\u0bcd\\u0b95\\u0bb3\\u0bcd\",\"update_questions\":\"\\u0baa\\u0bc1\\u0ba4\\u0bc1\\u0baa\\u0bcd\\u0baa\\u0bbf\\u0b95\\u0bcd\\u0b95\\u0baa\\u0bcd\\u0baa\\u0b9f\\u0bcd\\u0b9f\\u0ba4\\u0bc1 \\u0b95\\u0bc7\\u0bb3\\u0bcd\\u0bb5\\u0bbf\\u0b95\\u0bb3\\u0bcd\",\"free\":\"\\u0b87\\u0bb2\\u0bb5\\u0b9a\",\"paid\":\"\\u0baa\\u0ba3\\u0bae\\u0bcd\",\"create_quiz\":\"\\u0bb5\\u0bbf\\u0ba9\\u0bbe\\u0b9f\\u0bbf \\u0bb5\\u0bbf\\u0ba9\\u0bbe \\u0b89\\u0bb0\\u0bc1\\u0bb5\\u0bbe\\u0b95\\u0bcd\\u0b95\\u0bc1\",\"quiz_title\":\"\\u0bb5\\u0bbf\\u0ba9\\u0bbe\\u0b9f\\u0bbf \\u0bb5\\u0bbf\\u0ba9\\u0bbe \\u0ba4\\u0bb2\\u0bc8\\u0baa\\u0bcd\\u0baa\\u0bc1\",\"invalid_input\":\"\\u0ba4\\u0bb5\\u0bb1\\u0bbe\\u0ba9 \\u0b89\\u0bb3\\u0bcd\\u0bb3\\u0bc0\\u0b9f\\u0bc1\",\"the_text_is_too_long\":\"\\u0b89\\u0bb0\\u0bc8 \\u0bae\\u0bbf\\u0b95\\u0bb5\\u0bc1\\u0bae\\u0bcd \\u0ba8\\u0bc0\\u0bb3\\u0bae\\u0bbe\\u0b95 \\u0b89\\u0bb3\\u0bcd\\u0bb3\\u0ba4\\u0bc1\",\"enter_value_in_minutes\":\"\\u0bae\\u0ba4\\u0bbf\\u0baa\\u0bcd\\u0baa\\u0bc1 \\u0ba8\\u0bbf\\u0bae\\u0bbf\\u0b9f\\u0b99\\u0bcd\\u0b95\\u0bb3\\u0bcd \\u0b89\\u0bb3\\u0bcd\\u0bb3\\u0bbf\\u0b9f\\u0bb5\\u0bc1\\u0bae\\u0bcd\",\"please_enter_valid_number\":\"\\u0ba4\\u0baf\\u0bb5\\u0bc1 \\u0b9a\\u0bc6\\u0baf\\u0bcd\\u0ba4\\u0bc1 \\u0b9a\\u0bb0\\u0bbf\\u0baf\\u0bbe\\u0ba9 \\u0b8e\\u0ba3\\u0bcd\\u0ba3\\u0bc8 \\u0b89\\u0bb3\\u0bcd\\u0bb3\\u0bbf\\u0b9f\\u0bb5\\u0bc1\\u0bae\\u0bcd\",\"it will be updated by adding the questions\":\"\\u0b85\\u0ba4\\u0bc1 \\u0b95\\u0bc7\\u0bb3\\u0bcd\\u0bb5\\u0bbf\\u0b95\\u0bb3\\u0bcd \\u0b9a\\u0bc7\\u0bb0\\u0bcd\\u0baa\\u0bcd\\u0baa\\u0ba4\\u0ba9\\u0bcd \\u0bae\\u0bc2\\u0bb2\\u0bae\\u0bcd \\u0baa\\u0bc1\\u0ba4\\u0bc1\\u0baa\\u0bcd\\u0baa\\u0bbf\\u0b95\\u0bcd\\u0b95\\u0baa\\u0bcd\\u0baa\\u0b9f\\u0bc1\\u0bae\\u0bcd\",\"pass_percentage\":\"\\u0ba4\\u0bc7\\u0bb0\\u0bcd\\u0b9a\\u0bcd\\u0b9a\\u0bbf \\u0b9a\\u0ba4\\u0bb5\\u0bc0\\u0ba4\\u0bae\\u0bcd\",\"negative_mark\":\"\\u0b8e\\u0ba4\\u0bbf\\u0bb0\\u0bcd\\u0bae\\u0bb1\\u0bc8 \\u0bae\\u0bbe\\u0bb0\\u0bcd\\u0b95\\u0bcd\",\"instructions_page\":\"\\u0bb5\\u0bb4\\u0bbf\\u0bae\\u0bc1\\u0bb1\\u0bc8\\u0b95\\u0bb3\\u0bcd \\u0baa\\u0b95\\u0bcd\\u0b95\\u0bae\\u0bcd\",\"start_date\":\"\\u0ba4\\u0bc6\\u0bbe\\u0b9f\\u0b95\\u0bcd\\u0b95 \\u0ba4\\u0bc7\\u0ba4\\u0bbf\",\"end_date\":\"\\u0b95\\u0b9f\\u0bc8\\u0b9a\\u0bbf \\u0ba4\\u0bc7\\u0ba4\\u0bbf\",\"select\":\"\\u0ba4\\u0bc7\\u0bb0\\u0bcd\\u0bb5\\u0bc1\",\"validity\":\"\\u0b8f\\u0bb1\\u0bcd\\u0bb1\\u0bc1\\u0b95\\u0bcd\\u0b95\\u0bc6\\u0bbe\\u0bb3\\u0bcd\\u0bb3\\u0b95\\u0bcd\\u0b95\\u0bc2\\u0b9f\\u0bbf\\u0baf\",\"validity_in_days\":\"\\u0ba8\\u0bbe\\u0b9f\\u0bcd\\u0b95\\u0bb3\\u0bcd \\u0b8f\\u0bb1\\u0bcd\\u0bb1\\u0bc1\\u0b95\\u0bcd\\u0b95\\u0bc6\\u0bbe\\u0bb3\\u0bcd\\u0bb3\\u0b95\\u0bcd \\u0b95\\u0bc2\\u0b9f\\u0bbf\\u0baf\",\"cost\":\"\\u0b9a\\u0bc6\\u0bb2\\u0bb5\\u0bc1\",\"description\":\"\\u0bb5\\u0bbf\\u0bb3\\u0b95\\u0bcd\\u0b95\\u0bae\\u0bcd\",\"update_questions_for\":\"\\u0bae\\u0bc7\\u0bae\\u0bcd\\u0baa\\u0b9f\\u0bc1\\u0ba4\\u0bcd\\u0ba4\\u0bb2\\u0bcd \\u0b95\\u0bc7\\u0bb3\\u0bcd\\u0bb5\\u0bbf\\u0b95\\u0bb3\\u0bcd\",\"difficulty\":\"\\u0b95\\u0b9f\\u0bbf\\u0ba9\\u0bae\\u0bcd\",\"easy\":\"\\u0b8e\\u0bb3\\u0bbf\\u0ba4\\u0bbe\\u0b95\",\"medium\":\"\\u0ba8\\u0b9f\\u0bc1\\u0ba4\\u0bcd\\u0ba4\\u0bb0\",\"hard\":\"\\u0bb9\\u0bbe\\u0bb0\\u0bcd\\u0b9f\\u0bcd\",\"question_type\":\"\\u0b95\\u0bc7\\u0bb3\\u0bcd\\u0bb5\\u0bbf \\u0bb5\\u0b95\\u0bc8\",\"single_answer\":\"\\u0b92\\u0bb1\\u0bcd\\u0bb1\\u0bc8 \\u0baa\\u0ba4\\u0bbf\\u0bb2\\u0bcd\",\"multi_answer\":\"\\u0bae\\u0bb2\\u0bcd\\u0b9f\\u0bbf \\u0baa\\u0ba4\\u0bbf\\u0bb2\\u0bcd\",\"fill_in_the_blanks\":\"\\u0bb5\\u0bc6\\u0bb1\\u0bcd\\u0bb1\\u0bbf\\u0b9f\\u0b99\\u0bcd\\u0b95\\u0bb3\\u0bc8 \\u0ba8\\u0bbf\\u0bb0\\u0baa\\u0bcd\\u0baa\",\"match_the_following\":\"\\u0ba4\\u0bc6\\u0bbe\\u0b9f\\u0bb0\\u0bcd\\u0ba8\\u0bcd\\u0ba4\\u0bc1 \\u0bb5\\u0ba8\\u0bcd\\u0ba4 \\u0baa\\u0bc7\\u0bbe\\u0b9f\\u0bcd\\u0b9f\\u0bbf\\u0b95\\u0bcd\\u0b95\\u0bc1\",\"paragraph\":\"\\u0baa\\u0ba4\\u0bcd\\u0ba4\\u0bbf\",\"video\":\"\\u0b95\\u0bbe\\u0ba3\\u0bc6\\u0bbe\\u0bb3\\u0bbf\",\"search_term\":\"\\u0ba4\\u0bc7\\u0b9f\\u0bb2\\u0bcd \\u0b95\\u0bbe\\u0bb2\",\"enter_search_term\":\"\\u0ba4\\u0bc7\\u0b9f\\u0bb2\\u0bcd \\u0b9a\\u0bc6\\u0bbe\\u0bb2\\u0bcd\\u0bb2\\u0bc8 \\u0b89\\u0bb3\\u0bcd\\u0bb3\\u0bbf\\u0b9f\\u0bb5\\u0bc1\\u0bae\\u0bcd\",\"subject\":\"\\u0baa\\u0bc6\\u0bbe\\u0bb0\\u0bc1\\u0bb3\\u0bcd\",\"question\":\"\\u0b95\\u0bc7\\u0bb3\\u0bcd\\u0bb5\\u0bbf\",\"type\":\"\\u0bb5\\u0b95\\u0bc8\",\"marks\":\"\\u0bae\\u0ba4\\u0bbf\\u0baa\\u0bcd\\u0baa\\u0bc6\\u0ba3\\u0bcd\\u0b95\\u0bb3\\u0bcd\",\"saved_questions\":\"\\u0b9a\\u0bc7\\u0bae\\u0bbf\\u0ba4\\u0bcd\\u0ba4 \\u0b95\\u0bc7\\u0bb3\\u0bcd\\u0bb5\\u0bbf\\u0b95\\u0bb3\\u0bcd\",\"remove_all\":\"\\u0b85\\u0ba9\\u0bc8\\u0ba4\\u0bcd\\u0ba4\\u0bc1 \\u0ba8\\u0bc0\\u0b95\\u0bcd\\u0b95\",\"update\":\"\\u0baa\\u0bc1\\u0ba4\\u0bc1\\u0baa\\u0bcd\\u0baa\\u0bbf\\u0b95\\u0bcd\\u0b95\\u0baa\\u0bcd\\u0baa\\u0b9f\\u0bcd\\u0b9f\\u0ba4\\u0bc1\",\"import_excel\":\"\\u0b87\\u0bb1\\u0b95\\u0bcd\\u0b95\\u0bc1\\u0bae\\u0ba4\\u0bbf \\u0b8e\\u0b95\\u0bcd\\u0b9a\\u0bc6\\u0bb2\\u0bcd\",\"add_user\":\"\\u0baa\\u0baf\\u0ba9\\u0bb0\\u0bcd \\u0b9a\\u0bc7\\u0bb0\\u0bcd\\u0b95\\u0bcd\\u0b95\",\"name\":\"\\u0baa\\u0bc6\\u0baf\\u0bb0\\u0bcd\",\"image\":\"\\u0baa\\u0b9f\",\"role\":\"\\u0baa\\u0b99\\u0bcd\\u0b95\\u0bc1\",\"import_users\":\"\\u0b87\\u0bb1\\u0b95\\u0bcd\\u0b95\\u0bc1\\u0bae\\u0ba4\\u0bbf \\u0baa\\u0baf\\u0ba9\\u0bb0\\u0bcd\\u0b95\\u0bb3\\u0bcd\",\"download_template\":\"\\u0baa\\u0ba4\\u0bbf\\u0bb5\\u0bbf\\u0bb1\\u0b95\\u0bcd\\u0b95 \\u0b9f\\u0bc6\\u0bae\\u0bcd\\u0baa\\u0bcd\\u0bb3\\u0bc7\\u0b9f\\u0bcd\",\"upload\":\"\\u0baa\\u0ba4\\u0bbf\\u0bb5\\u0bc7\\u0bb1\\u0bcd\\u0bb1\\u0bc1\",\"upload_excel\":\"\\u0baa\\u0ba4\\u0bbf\\u0bb5\\u0bc7\\u0bb1\\u0bcd\\u0bb1\\u0bae\\u0bcd \\u0b8e\\u0b95\\u0bcd\\u0b9a\\u0bc6\\u0bb2\\u0bcd\",\"file_type_not_allowed\":\"\\u0b95\\u0bc7\\u0bbe\\u0baa\\u0bcd\\u0baa\\u0bc1 \\u0bb5\\u0b95\\u0bc8 \\u0b85\\u0ba9\\u0bc1\\u0bae\\u0ba4\\u0bbf\\u0b95\\u0bcd\\u0b95\\u0baa\\u0bcd\\u0baa\\u0b9f\\u0bb5\\u0bbf\\u0bb2\\u0bcd\\u0bb2\\u0bc8\",\"subjects_list\":\"\\u0baa\\u0bbe\\u0b9f\\u0b99\\u0bcd\\u0b95\\u0bb3\\u0bbf\\u0bb2\\u0bcd \\u0baa\\u0b9f\\u0bcd\\u0b9f\\u0bbf\\u0baf\\u0bb2\\u0bcd\",\"import\":\"\\u0b87\\u0bb1\\u0b95\\u0bcd\\u0b95\\u0bc1\\u0bae\\u0ba4\\u0bbf\",\"id\":\"\\u0b85\\u0b9f\\u0bc8\\u0baf\\u0bbe\\u0bb3\\u0bae\\u0bcd\",\"max_marks\":\"\\u0bae\\u0bc7\\u0b95\\u0bcd\\u0bb8\\u0bcd \\u0bae\\u0bbe\\u0bb0\\u0bcd\\u0b95\\u0bcd\\u0bb8\\u0bcd\",\"pass_marks\":\"\\u0baa\\u0bbe\\u0bb8\\u0bcd \\u0bae\\u0bbe\\u0bb0\\u0bcd\\u0b95\\u0bcd\\u0bb8\\u0bcd\",\"total_exams\":\"\\u0bae\\u0bc6\\u0bbe\\u0ba4\\u0bcd\\u0ba4 \\u0ba4\\u0bc7\\u0bb0\\u0bcd\\u0bb5\\u0bc1\\u0b95\\u0bb3\\u0bcd\",\"total_questions\":\"\\u0bae\\u0bc6\\u0bbe\\u0ba4\\u0bcd\\u0ba4 \\u0b95\\u0bc7\\u0bb3\\u0bcd\\u0bb5\\u0bbf\\u0b95\\u0bb3\\u0bcd\",\"update_quizzes\":\"\\u0baa\\u0bc1\\u0ba4\\u0bc1\\u0baa\\u0bcd\\u0baa\\u0bbf\\u0b95\\u0bcd\\u0b95\\u0baa\\u0bcd\\u0baa\\u0b9f\\u0bcd\\u0b9f\\u0ba4\\u0bc1 \\u0bb5\\u0bbf\\u0ba9\\u0bbe\\u0bb5\\u0bbf\\u0b9f\\u0bc8\",\"update_series_for\":\"\\u0baa\\u0bc1\\u0ba4\\u0bc1\\u0baa\\u0bcd\\u0baa\\u0bbf\\u0b95\\u0bcd\\u0b95\\u0baa\\u0bcd\\u0baa\\u0b9f\\u0bcd\\u0b9f\\u0ba4\\u0bc1 \\u0ba4\\u0bc6\\u0bbe\\u0b9f\\u0bb0\\u0bcd\",\"exam_categories\":\"\\u0ba4\\u0bc7\\u0bb0\\u0bcd\\u0bb5\\u0bc1 \\u0bb5\\u0b95\\u0bc8\\u0b95\\u0bb3\\u0bcd\",\"exam_name\":\"\\u0ba4\\u0bc7\\u0bb0\\u0bcd\\u0bb5\\u0bc1 \\u0baa\\u0bc6\\u0baf\\u0bb0\\u0bcd\",\"saved_exams\":\"\\u0b9a\\u0bc7\\u0bae\\u0bbf\\u0ba4\\u0bcd\\u0ba4 \\u0ba4\\u0bc7\\u0bb0\\u0bcd\\u0bb5\\u0bc1\\u0b95\\u0bb3\\u0bcd\",\"no_data_available\":\"\\u0ba4\\u0bb0\\u0bb5\\u0bc1 \\u0b8e\\u0ba4\\u0bc1\\u0bb5\\u0bc1\\u0bae\\u0bcd \\u0b95\\u0bbf\\u0b9f\\u0bc8\\u0b95\\u0bcd\\u0b95\\u0bb5\\u0bbf\\u0bb2\\u0bcd\\u0bb2\\u0bc8\",\"couponcodes\":\"Couponcodes\",\"discount\":\"\\u0ba4\\u0bb3\\u0bcd\\u0bb3\\u0bc1\\u0baa\\u0b9f\\u0bbf\",\"minimum_bill\":\"\\u0b95\\u0bc1\\u0bb1\\u0bc8\\u0ba8\\u0bcd\\u0ba4\\u0baa\\u0b9f\\u0bcd\\u0b9a \\u0baa\\u0bbf\\u0bb2\\u0bcd\",\"maximum_discount\":\"\\u0b85\\u0ba4\\u0bbf\\u0b95\\u0baa\\u0b9f\\u0bcd\\u0b9a \\u0ba4\\u0bb3\\u0bcd\\u0bb3\\u0bc1\\u0baa\\u0b9f\\u0bbf\",\"limit\":\"\\u0b85\\u0bb3\\u0bb5\\u0bc1\",\"status\":\"\\u0ba8\\u0bbf\\u0bb2\\u0bc8\\u0bae\\u0bc8\",\"question_subjects\":\"\\u0b95\\u0bc7\\u0bb3\\u0bcd\\u0bb5\\u0bbf \\u0baa\\u0bbe\\u0b9f\\u0b99\\u0bcd\\u0b95\\u0bb3\\u0bcd\",\"import_questions\":\"\\u0b87\\u0bb1\\u0b95\\u0bcd\\u0b95\\u0bc1\\u0bae\\u0ba4\\u0bbf \\u0b95\\u0bc7\\u0bb3\\u0bcd\\u0bb5\\u0bbf\\u0b95\\u0bb3\\u0bcd\",\"add_subject\":\"\\u0baa\\u0bc6\\u0bbe\\u0bb0\\u0bc1\\u0bb3\\u0bcd \\u0b9a\\u0bc7\\u0bb0\\u0bcd\",\"view_questions\":\"\\u0b95\\u0bc7\\u0bb3\\u0bcd\\u0bb5\\u0bbf\\u0b95\\u0bb3\\u0bc8\\u0b95\\u0bcd \\u0b95\\u0bbe\\u0ba3\\u0bcd\\u0b95\",\"examseries\":\"Examseries\",\"edit_coupon\":\"\\u0b95\\u0bc2\\u0baa\\u0bcd\\u0baa\\u0ba9\\u0bcd \\u0ba4\\u0bbf\\u0bb0\\u0bc1\\u0ba4\\u0bcd\\u0ba4\\u0bc1\",\"coupon_code\":\"\\u0b95\\u0bc2\\u0baa\\u0bcd\\u0baa\\u0ba9\\u0bcd \\u0b95\\u0bc1\\u0bb1\\u0bbf\\u0baf\\u0bc0\\u0b9f\\u0bc1\",\"value\":\"\\u0bae\\u0ba4\\u0bbf\\u0baa\\u0bcd\\u0baa\\u0bc1\",\"percent\":\"\\u0b9a\\u0ba4\\u0bb5\\u0bc0\\u0ba4\\u0bae\\u0bcd\",\"discount_type\":\"\\u0ba4\\u0bb3\\u0bcd\\u0bb3\\u0bc1\\u0baa\\u0b9f\\u0bbf \\u0bb5\\u0b95\\u0bc8\",\"discount_value\":\"\\u0ba4\\u0bb3\\u0bcd\\u0bb3\\u0bc1\\u0baa\\u0b9f\\u0bbf \\u0bae\\u0ba4\\u0bbf\\u0baa\\u0bcd\\u0baa\\u0bc1\",\"enter_value\":\"\\u0bae\\u0ba4\\u0bbf\\u0baa\\u0bcd\\u0baa\\u0bc8 \\u0b89\\u0bb3\\u0bcd\\u0bb3\\u0bbf\\u0b9f\\u0bb5\\u0bc1\\u0bae\\u0bcd\",\"discount_maximum_amount\":\"\\u0ba4\\u0bb3\\u0bcd\\u0bb3\\u0bc1\\u0baa\\u0b9f\\u0bbf \\u0b85\\u0ba4\\u0bbf\\u0b95\\u0baa\\u0b9f\\u0bcd\\u0b9a \\u0b85\\u0bb3\\u0bb5\\u0bc1\",\"enter_maximum_amount\":\"\\u0b85\\u0ba4\\u0bbf\\u0b95\\u0baa\\u0b9f\\u0bcd\\u0b9a \\u0b85\\u0bb3\\u0bb5\\u0bc1 \\u0b9a\\u0bc7\\u0bb0\\u0bcd\\u0b95\\u0bcd\\u0b95\\u0bb5\\u0bc1\\u0bae\\u0bcd\",\"valid_from\":\"\\u0b9a\\u0bc6\\u0bb2\\u0bcd\\u0bb2\\u0bc1\\u0baa\\u0b9f\\u0bbf\\u0baf\\u0bbe\\u0b95\\u0bc1\\u0bae\\u0bcd\",\"valid_to\":\"\\u0b9a\\u0bc6\\u0bb2\\u0bcd\\u0bb2\\u0bc1\\u0baa\\u0b9f\\u0bbf\\u0baf\\u0bbe\\u0b95\\u0bc1\\u0bae\\u0bcd\",\"usage_limit\":\"\\u0baa\\u0baf\\u0ba9\\u0bcd\\u0baa\\u0bbe\\u0b9f\\u0bc1 \\u0b95\\u0bc1\\u0bb1\\u0bc8\\u0b95\\u0bcd\\u0b95\",\"enter_usage_limit_per_user\":\"\\u0baa\\u0baf\\u0ba9\\u0bb0\\u0bcd \\u0b92\\u0ba9\\u0bcd\\u0bb1\\u0bc1\\u0b95\\u0bcd\\u0b95\\u0bc1 \\u0baa\\u0baf\\u0ba9\\u0bcd\\u0baa\\u0bbe\\u0b9f\\u0bc1 \\u0b95\\u0bc1\\u0bb1\\u0bc8\\u0b95\\u0bcd\\u0b95 \\u0b89\\u0bb3\\u0bcd\\u0bb3\\u0bbf\\u0b9f\\u0bb5\\u0bc1\\u0bae\\u0bcd\",\"pending\":\"\\u0ba8\\u0bbf\\u0bb2\\u0bc1\\u0bb5\\u0bc8\\u0baf\\u0bbf\\u0bb2\\u0bcd\",\"total\":\"\\u0bae\\u0bc6\\u0bbe\\u0ba4\\u0bcd\\u0ba4\",\"overall_statistics\":\"\\u0b92\\u0b9f\\u0bcd\\u0b9f\\u0bc1\\u0bae\\u0bc6\\u0bbe\\u0ba4\\u0bcd\\u0ba4 \\u0baa\\u0bc1\\u0bb3\\u0bcd\\u0bb3\\u0bbf\\u0bb5\\u0bbf\\u0baa\\u0bb0\\u0bae\\u0bcd\",\"payments_reports_in\":\"\\u0baa\\u0ba3\\u0bae\\u0bcd \\u0b85\\u0bb1\\u0bbf\\u0b95\\u0bcd\\u0b95\\u0bc8\\u0b95\\u0bb3\\u0bcd\",\"payments\":\"\\u0b95\\u0bc6\\u0bbe\\u0b9f\\u0bc1\\u0baa\\u0bcd\\u0baa\\u0ba9\\u0bb5\\u0bc1\",\"payment_statistics\":\"\\u0b95\\u0bc6\\u0bbe\\u0b9f\\u0bc1\\u0baa\\u0bcd\\u0baa\\u0ba9\\u0bb5\\u0bc1 \\u0baa\\u0bc1\\u0bb3\\u0bcd\\u0bb3\\u0bbf\\u0baf\\u0bbf\\u0baf\\u0bb2\\u0bcd\",\"payment_monthly_statistics\":\"\\u0bae\\u0bbe\\u0ba4\\u0bbe\\u0ba8\\u0bcd\\u0ba4\\u0bbf\\u0bb0 \\u0baa\\u0bc1\\u0bb3\\u0bcd\\u0bb3\\u0bbf\\u0bb5\\u0bbf\\u0baa\\u0bb0\\u0bae\\u0bcd\",\"feed_backs\":\"\\u0b8a\\u0b9f\\u0bcd\\u0b9f\\u0bae\\u0bcd \\u0bae\\u0bc1\\u0ba4\\u0bc1\\u0b95\\u0bc1\\u0b95\\u0bcd\\u0b95\\u0bc1\",\"posted_on\":\"posted On\",\"view\":\"\\u0b95\\u0bbe\\u0ba3\\u0bcd\\u0b95\",\"feedback_details\":\"\\u0b95\\u0bb0\\u0bc1\\u0ba4\\u0bcd\\u0ba4\\u0bc1 \\u0bb5\\u0bbf\\u0baa\\u0bb0\\u0b99\\u0bcd\\u0b95\\u0bb3\\u0bcd\",\"feedbacks\":\"\\u0baa\\u0bbf\\u0ba9\\u0bcd\\u0ba9\\u0bc2\\u0b9f\\u0bcd\\u0b9f\\u0b99\\u0bcd\\u0b95\\u0bb3\\u0bc8\",\"back\":\"\\u0bae\\u0bc0\\u0ba3\\u0bcd\\u0b9f\\u0bc1\\u0bae\\u0bcd\",\"module\":\"\\u0ba4\\u0bc6\\u0bbe\\u0b95\\u0bc1\\u0ba4\\u0bbf\",\"key\":\"\\u0bae\\u0bc1\\u0b95\\u0bcd\\u0b95\\u0bbf\\u0baf\",\"demanding_quizzes\":\"\\u0b95\\u0bc7\\u0bbe\\u0bb0\\u0bbf \\u0bb5\\u0bbf\\u0ba9\\u0bbe\\u0bb5\\u0bbf\\u0b9f\\u0bc8\",\"demanding\":\"\\u0b95\\u0bc7\\u0bbe\\u0bb0\\u0bbf\",\"quizzes_usage\":\"\\u0bb5\\u0bbf\\u0ba9\\u0bbe\\u0bb5\\u0bbf\\u0b9f\\u0bc8 \\u0baa\\u0baf\\u0ba9\\u0bcd\\u0baa\\u0bbe\\u0b9f\\u0bc1\",\"paid_quizzes_usage\":\"\\u0baa\\u0ba3\\u0bae\\u0bcd \\u0bb5\\u0bbf\\u0ba9\\u0bbe\\u0bb5\\u0bbf\\u0b9f\\u0bc8 \\u0baa\\u0baf\\u0ba9\\u0bcd\\u0baa\\u0bbe\\u0b9f\\u0bc1\",\"your_payment_was cancelled\":\"\\u0b89\\u0b99\\u0bcd\\u0b95\\u0bb3\\u0bcd \\u0baa\\u0ba3\\u0bae\\u0bcd \\u0bb0\\u0ba4\\u0bcd\\u0ba4\\u0bc1 \\u0b9a\\u0bc6\\u0baf\\u0bcd\\u0baf\\u0baa\\u0bcd\\u0baa\\u0b9f\\u0bcd\\u0b9f\\u0ba4\\u0bc1\",\"subscriptions_list\":\"\\u0b9a\\u0ba8\\u0bcd\\u0ba4\\u0bbe\\u0b95\\u0bcd\\u0b95\\u0bb3\\u0bcd \\u0baa\\u0b9f\\u0bcd\\u0b9f\\u0bbf\\u0baf\\u0bb2\\u0bcd\",\"plan_type\":\"\\u0ba4\\u0bbf\\u0b9f\\u0bcd\\u0b9f\\u0bae\\u0bcd \\u0bb5\\u0b95\\u0bc8\",\"paid_from\":\"\\u0b87\\u0bb0\\u0bc1\\u0ba8\\u0bcd\\u0ba4\\u0bc1 \\u0baa\\u0ba3\\u0bae\\u0bcd\",\"datetime\":\"\\u0ba4\\u0bc7\\u0ba4\\u0bbf \\u0ba8\\u0bc7\\u0bb0\\u0bae\\u0bcd\",\"my_bookmarks\":\"\\u0b8e\\u0ba9\\u0ba4\\u0bc1 \\u0baa\\u0bc1\\u0b95\\u0bcd\\u0bae\\u0bbe\\u0bb0\\u0bcd\\u0b95\\u0bcd\\u0b95\\u0bc1\\u0b95\\u0bb3\\u0bcd\",\"analysis\":\"\\u0baa\\u0b95\\u0bc1\\u0baa\\u0bcd\\u0baa\\u0bbe\\u0baf\\u0bcd\\u0bb5\\u0bc1\",\"by_subjcet\":\"Subjcet \\u0bae\\u0bc2\\u0bb2\\u0bae\\u0bcd\",\"by_exam\":\"\\u0ba4\\u0bc7\\u0bb0\\u0bcd\\u0bb5\\u0bc1 \\u0bae\\u0bc2\\u0bb2\\u0bae\\u0bcd\",\"history\":\"\\u0bb5\\u0bb0\\u0bb2\\u0bbe\\u0bb1\\u0bc1\",\"subscriptions\":\"\\u0b9a\\u0ba8\\u0bcd\\u0ba4\\u0bbe\\u0b95\\u0bcd\\u0b95\\u0bb3\\u0bcd\",\"add_setting\":\"\\u0b85\\u0bae\\u0bc8\\u0ba4\\u0bcd\\u0ba4\\u0bb2\\u0bcd \\u0b9a\\u0bc7\\u0bb0\\u0bcd\",\"introduction\":\"\\u0b85\\u0bb1\\u0bbf\\u0bae\\u0bc1\\u0b95\\u0bae\\u0bcd\",\"description_of_the_topic\":\"\\u0ba4\\u0bb2\\u0bc8\\u0baa\\u0bcd\\u0baa\\u0bbf\\u0ba9\\u0bcd \\u0bb5\\u0bbf\\u0bb3\\u0b95\\u0bcd\\u0b95\\u0bae\\u0bcd\",\"old_password\":\"\\u0baa\\u0bb4\\u0bc8\\u0baf \\u0b95\\u0b9f\\u0bb5\\u0bc1\\u0b9a\\u0bcd\\u0b9a\\u0bc6\\u0bbe\\u0bb2\\u0bcd\",\"the_password_is_too_short\":\"\\u0b95\\u0b9f\\u0bb5\\u0bc1\\u0b9a\\u0bcd\\u0b9a\\u0bc6\\u0bbe\\u0bb2\\u0bcd \\u0bae\\u0bbf\\u0b95\\u0bb5\\u0bc1\\u0bae\\u0bcd \\u0b9a\\u0bbf\\u0bb1\\u0bbf\\u0baf\\u0ba4\\u0bbe\\u0b95 \\u0b89\\u0bb3\\u0bcd\\u0bb3\\u0ba4\\u0bc1\",\"new_password\":\"\\u0baa\\u0bc1\\u0ba4\\u0bbf\\u0baf \\u0b95\\u0b9f\\u0bb5\\u0bc1\\u0b9a\\u0bcd\\u0b9a\\u0bc6\\u0bbe\\u0bb2\\u0bcd\",\"retype_password\":\"\\u0b95\\u0b9f\\u0bb5\\u0bc1\\u0b9a\\u0bcd\\u0b9a\\u0bc6\\u0bbe\\u0bb2\\u0bcd\\u0bb2\\u0bc8 \\u0bae\\u0bc0\\u0ba3\\u0bcd\\u0b9f\\u0bc1\\u0bae\\u0bcd \\u0ba4\\u0b9f\\u0bcd\\u0b9f\\u0b9a\\u0bcd\\u0b9a\\u0bc1 \\u0b9a\\u0bc6\\u0baf\\u0bcd\\u0b95\",\"password_and_confirm_password_does_not_match\":\"\\u0b95\\u0b9f\\u0bb5\\u0bc1\\u0b9a\\u0bcd\\u0b9a\\u0bc6\\u0bbe\\u0bb2\\u0bcd \\u0b89\\u0bb1\\u0bc1\\u0ba4\\u0bbf \\u0b95\\u0b9f\\u0bb5\\u0bc1\\u0b9a\\u0bcd\\u0b9a\\u0bc6\\u0bbe\\u0bb2\\u0bcd \\u0baa\\u0bc6\\u0bbe\\u0bb0\\u0bc1\\u0ba8\\u0bcd\\u0ba4\\u0bb5\\u0bbf\\u0bb2\\u0bcd\\u0bb2\\u0bc8\",\"correct\":\"\\u0b9a\\u0bb0\\u0bbf\",\"wrong\":\"\\u0ba4\\u0bb5\\u0bb1\\u0bbe\\u0ba9\",\"not_answered\":\"\\u0baa\\u0ba4\\u0bbf\\u0bb2\\u0bb3\\u0bbf\\u0b95\\u0bcd\\u0b95\\u0bb5\\u0bbf\\u0bb2\\u0bcd\\u0bb2\\u0bc8\",\"overall_performance\":\"\\u0bae\\u0bc6\\u0bbe\\u0ba4\\u0bcd\\u0ba4\\u0ba4\\u0bcd\\u0ba4\\u0bbf\\u0bb2\\u0bcd \\u0b9a\\u0bc6\\u0baf\\u0bb2\\u0bcd\\u0ba4\\u0bbf\\u0bb1\\u0ba9\\u0bcd\",\"performance\":\"\\u0b9a\\u0bc6\\u0baf\\u0bb2\\u0bcd\\u0ba4\\u0bbf\\u0bb1\\u0ba9\\u0bcd\",\"best_performance_in_all_quizzes\":\"\\u0b85\\u0ba9\\u0bc8\\u0ba4\\u0bcd\\u0ba4\\u0bc1 \\u0bb5\\u0bbf\\u0ba9\\u0bbe\\u0bb5\\u0bbf\\u0b9f\\u0bc8 \\u0b9a\\u0bbf\\u0bb1\\u0ba8\\u0bcd\\u0ba4 \\u0ba8\\u0b9f\\u0bbf\\u0baa\\u0bcd\\u0baa\\u0bc1\",\"view_analysis\":\"\\u0b95\\u0bbe\\u0ba3\\u0bcd\\u0b95 \\u0baa\\u0b95\\u0bc1\\u0baa\\u0bcd\\u0baa\\u0bbe\\u0baf\\u0bcd\\u0bb5\\u0bc1\",\"edit_user\":\"\\u0baa\\u0baf\\u0ba9\\u0bb0\\u0bcd \\u0ba4\\u0bbf\\u0bb0\\u0bc1\\u0ba4\\u0bcd\\u0ba4\\u0bc1\",\"username\":\"\\u0baa\\u0baf\\u0ba9\\u0bb0\\u0bcd\\u0baa\\u0bc6\\u0baf\\u0bb0\\u0bcd\",\"select_role\":\"\\u0ba4\\u0bc7\\u0bb0\\u0bcd\\u0bb5\\u0bc1 \\u0baa\\u0b99\\u0bcd\\u0b95\\u0bc1\",\"phone\":\"\\u0ba4\\u0bc6\\u0bbe\\u0bb2\\u0bc8\\u0baa\\u0bc7\\u0b9a\\u0bbf\",\"please_enter_10-15_digit_mobile_number\":\"\\u0ba4\\u0baf\\u0bb5\\u0bc1 \\u0b9a\\u0bc6\\u0baf\\u0bcd\\u0ba4\\u0bc1 10-15 \\u0b87\\u0bb2\\u0b95\\u0bcd\\u0b95\\u0bae\\u0bcd \\u0bae\\u0bc6\\u0bbe\\u0baa\\u0bc8\\u0bb2\\u0bcd \\u0b8e\\u0ba3\\u0bcd\\u0ba3\\u0bc8 \\u0b89\\u0bb3\\u0bcd\\u0bb3\\u0bbf\\u0b9f\\u0bb5\\u0bc1\\u0bae\\u0bcd\",\"please_enter_valid_phone_number\":\"\\u0ba4\\u0baf\\u0bb5\\u0bc1 \\u0b9a\\u0bc6\\u0baf\\u0bcd\\u0ba4\\u0bc1 \\u0b9a\\u0bb0\\u0bbf\\u0baf\\u0bbe\\u0ba9 \\u0ba4\\u0bc6\\u0bbe\\u0bb2\\u0bc8\\u0baa\\u0bc7\\u0b9a\\u0bbf \\u0b8e\\u0ba3\\u0bcd\\u0ba3\\u0bc8 \\u0b89\\u0bb3\\u0bcd\\u0bb3\\u0bbf\\u0b9f\\u0bb5\\u0bc1\\u0bae\\u0bcd\",\"address\":\"\\u0bae\\u0bc1\\u0b95\\u0bb5\\u0bb0\\u0bbf\",\"please_enter_your_address\":\"\\u0ba4\\u0baf\\u0bb5\\u0bc1 \\u0b9a\\u0bc6\\u0baf\\u0bcd\\u0ba4\\u0bc1 \\u0b89\\u0b99\\u0bcd\\u0b95\\u0bb3\\u0bcd \\u0bae\\u0bc1\\u0b95\\u0bb5\\u0bb0\\u0bbf\\u0baf\\u0bc8 \\u0b89\\u0bb3\\u0bcd\\u0bb3\\u0bbf\\u0b9f\\u0bb5\\u0bc1\\u0bae\\u0bcd\",\"give_feedback\":\"\\u0b95\\u0bb0\\u0bc1\\u0ba4\\u0bcd\\u0ba4\\u0bc1 \\u0ba4\\u0bc6\\u0bb0\\u0bbf\\u0bb5\\u0bbf\",\"feedback_form\":\"\\u0b95\\u0bb0\\u0bc1\\u0ba4\\u0bcd\\u0ba4\\u0bc1 \\u0baa\\u0b9f\\u0bbf\\u0bb5\\u0bae\\u0bcd\",\"send\":\"\\u0b85\\u0ba9\\u0bc1\\u0baa\\u0bcd\\u0baa\\u0bc1\",\"account_settings\":\"\\u0b95\\u0ba3\\u0b95\\u0bcd\\u0b95\\u0bc1 \\u0b85\\u0bae\\u0bc8\\u0baa\\u0bcd\\u0baa\\u0bc1\\u0b95\\u0bb3\\u0bcd\",\"quiz_and_exam_series\":\"\\u0bb5\\u0bbf\\u0ba9\\u0bbe\\u0b9f\\u0bbf \\u0bb5\\u0bbf\\u0ba9\\u0bbe \\u0bae\\u0bb1\\u0bcd\\u0bb1\\u0bc1\\u0bae\\u0bcd \\u0baa\\u0bb0\\u0bc0\\u0b9f\\u0bcd\\u0b9a\\u0bc8 \\u0ba4\\u0bc6\\u0bbe\\u0b9f\\u0bb0\\u0bcd\",\"lms_categories\":\"LMS \\u0bb5\\u0b95\\u0bc8\\u0b95\\u0bb3\\u0bcd\",\"time_spent_on_correct_answers\":\"\\u0ba8\\u0bc7\\u0bb0\\u0bae\\u0bcd \\u0b9a\\u0bb0\\u0bbf\\u0baf\\u0bbe\\u0ba9 \\u0baa\\u0ba4\\u0bbf\\u0bb2\\u0bcd\\u0b95\\u0bb3\\u0bc8 \\u0b9a\\u0bc6\\u0bb2\\u0bb5\\u0bc1\",\"time_spent_on_wrong_answers\":\"\\u0ba8\\u0bc7\\u0bb0\\u0bae\\u0bcd \\u0ba4\\u0bb5\\u0bb1\\u0bbe\\u0ba9 \\u0baa\\u0ba4\\u0bbf\\u0bb2\\u0bcd\\u0b95\\u0bb3\\u0bc8 \\u0b9a\\u0bc6\\u0bb2\\u0bb5\\u0bc1\",\"overall_marks_analysis\":\"\\u0b92\\u0b9f\\u0bcd\\u0b9f\\u0bc1\\u0bae\\u0bc6\\u0bbe\\u0ba4\\u0bcd\\u0ba4 \\u0bae\\u0bbe\\u0bb0\\u0bcd\\u0b95\\u0bcd\\u0bb8\\u0bcd \\u0baa\\u0b95\\u0bc1\\u0baa\\u0bcd\\u0baa\\u0bbe\\u0baf\\u0bcd\\u0bb5\\u0bc1\",\"overall_subject_wise_analysis\":\"\\u0b92\\u0b9f\\u0bcd\\u0b9f\\u0bc1\\u0bae\\u0bc6\\u0bbe\\u0ba4\\u0bcd\\u0ba4 \\u0baa\\u0bc6\\u0bbe\\u0bb0\\u0bc1\\u0bb3\\u0bcd \\u0bb5\\u0bbe\\u0bb0\\u0bbf\\u0baf\\u0bbe\\u0b95 \\u0baa\\u0b95\\u0bc1\\u0baa\\u0bcd\\u0baa\\u0bbe\\u0baf\\u0bcd\\u0bb5\\u0bc1\",\"of\":\"\\u0b8e\\u0ba9\\u0bcd\\u0bb1\",\"spent_on_correct\":\"\\u0b9a\\u0bb0\\u0bbf\\u0baf\\u0bbe\\u0ba9 \\u0b9a\\u0bc6\\u0bb2\\u0bb5\\u0bc1\",\"spent_on_wrong\":\"\\u0ba4\\u0bb5\\u0bb1\\u0bbe\\u0ba9 \\u0b9a\\u0bc6\\u0bb2\\u0bb5\\u0bc1\",\"total_time\":\"\\u0bae\\u0bc6\\u0bbe\\u0ba4\\u0bcd\\u0ba4 \\u0ba8\\u0bc7\\u0bb0\\u0bae\\u0bcd\",\"spent_time\":\"\\u0b95\\u0bb4\\u0bbf\\u0ba4\\u0bcd\\u0ba4 \\u0ba8\\u0bc7\\u0bb0\\u0bae\\u0bcd\",\"all_exams\":\"\\u0b85\\u0ba9\\u0bc8\\u0ba4\\u0bcd\\u0ba4\\u0bc1 \\u0ba4\\u0bc7\\u0bb0\\u0bcd\\u0bb5\\u0bc1\\u0b95\\u0bb3\\u0bcd\",\"dueration\":\"Dueration\",\"take_exam\":\"\\u0baa\\u0bb0\\u0bc0\\u0b9f\\u0bcd\\u0b9a\\u0bc8 \\u0b8e\\u0b9f\\u0bc1\\u0b95\\u0bcd\\u0b95\",\"mins\":\"mins\",\"please_read_the_instructions_carefully\":\"\\u0b95\\u0bb5\\u0ba9\\u0bae\\u0bbe\\u0b95 \\u0b85\\u0bb1\\u0bbf\\u0bb5\\u0bc1\\u0bb0\\u0bc8\\u0b95\\u0bb3\\u0bc8 \\u0baa\\u0b9f\\u0bbf\\u0ba4\\u0bcd\\u0ba4\\u0bc1 \\u0b95\\u0bc6\\u0bbe\\u0bb3\\u0bcd\\u0bb3\\u0bb5\\u0bc1\\u0bae\\u0bcd\",\"general_instructions\":\"\\u0baa\\u0bc6\\u0bbe\\u0ba4\\u0bc1 \\u0bb5\\u0bb4\\u0bbf\\u0bae\\u0bc1\\u0bb1\\u0bc8\\u0b95\\u0bb3\\u0bcd\",\"buy_now\":\"\\u0b87\\u0baa\\u0bcd\\u0baa\\u0bc7\\u0bbe\\u0ba4\\u0bc1 \\u0bb5\\u0bbe\\u0b99\\u0bcd\\u0b95\",\"checkout\":\"\\u0bb5\\u0bc6\\u0bb3\\u0bbf\\u0baf\\u0bc7\\u0bb1\\u0bc1\\u0ba4\\u0bb2\\u0bcd\",\"valid_for\":\"\\u0b9a\\u0bc6\\u0bb2\\u0bcd\\u0bb2\\u0bc1\\u0baa\\u0b9f\\u0bbf\\u0baf\\u0bbe\\u0b95\\u0bc1\\u0bae\\u0bcd\",\"days\":\"\\u0ba8\\u0bbe\\u0b9f\\u0bcd\\u0b95\\u0bb3\\u0bbf\\u0bb2\\u0bcd\",\"enter_coupon_code\":\"\\u0b95\\u0bc2\\u0baa\\u0bcd\\u0baa\\u0ba9\\u0bcd \\u0b95\\u0bc1\\u0bb1\\u0bbf\\u0baf\\u0bc0\\u0b9f\\u0bc1 \\u0ba8\\u0bc1\\u0bb4\\u0bc8\\u0baf\",\"apply\":\"\\u0bb5\\u0bbf\\u0ba3\\u0bcd\\u0ba3\\u0baa\\u0bcd\\u0baa\\u0bbf\\u0b95\\u0bcd\\u0b95\",\"payu\":\"Payu\",\"paypal\":\"\\u0baa\\u0bc7\\u0baa\\u0bbe\\u0bb2\\u0bcd\",\"click_here_to_update_payment_details\":\"\\u0b95\\u0bc6\\u0bbe\\u0b9f\\u0bc1\\u0baa\\u0bcd\\u0baa\\u0ba9\\u0bb5\\u0bc1 \\u0bb5\\u0bbf\\u0bb5\\u0bb0\\u0b99\\u0bcd\\u0b95\\u0bb3\\u0bcd \\u0baa\\u0bc1\\u0ba4\\u0bc1\\u0baa\\u0bcd\\u0baa\\u0bbf\\u0b95\\u0bcd\\u0b95 \\u0b87\\u0b99\\u0bcd\\u0b95\\u0bc1 \\u0b95\\u0bbf\\u0bb3\\u0bbf\\u0b95\\u0bcd\",\"offline_payment\":\"\\u0ba8\\u0ba9\\u0bcd\\u0bb1\\u0bbf \\u0b9a\\u0bc6\\u0bb2\\u0bc1\\u0ba4\\u0bcd\\u0ba4\\u0bc1\\u0ba4\\u0bb2\\u0bcd\",\"details\":\"\\u0bb5\\u0bbf\\u0bb5\\u0bb0\\u0b99\\u0bcd\\u0b95\\u0bb3\\u0bcd\",\"billing_address\":\"\\u0baa\\u0bbf\\u0bb2\\u0bcd\\u0bb2\\u0bbf\\u0b99\\u0bcd \\u0bae\\u0bc1\\u0b95\\u0bb5\\u0bb0\\u0bbf\",\"limit_reached\":\"\\u0bb5\\u0bb0\\u0bc8\\u0baf\\u0bb1\\u0bc8\\u0baf\\u0bc8 \\u0b8e\\u0b9f\\u0bcd\\u0b9f\\u0bbf\\u0baf\\u0bc1\\u0bb3\\u0bcd\\u0bb3\\u0ba4\\u0bc1\",\"hey_you_are_eligible_for_discount\":\"\\u0bb9\\u0bc7 \\u0baf\\u0bc2 \\u0ba4\\u0bb3\\u0bcd\\u0bb3\\u0bc1\\u0baa\\u0b9f\\u0bbf \\u0ba4\\u0b95\\u0bc1\\u0ba4\\u0bbf\\u0baf\\u0bc1\\u0b9f\\u0bc8\\u0baf\\u0bb5\\u0bb0\\u0bcd\\u0b95\\u0bb3\\u0bcd \\u0b86\\u0bb5\\u0bb0\\u0bcd\",\"your_subscription_was_successfull\":\"\\u0b89\\u0b99\\u0bcd\\u0b95\\u0bb3\\u0bcd \\u0b9a\\u0ba8\\u0bcd\\u0ba4\\u0bbe\\u0bb5\\u0bc8 \\u0bb5\\u0bc6\\u0bb1\\u0bcd\\u0bb1\\u0bbf\\u0b95\\u0bb0\\u0bae\\u0bbe\\u0b95\",\"please_accept_terms_and_conditions\":\"\\u0bb5\\u0bbf\\u0ba4\\u0bbf\\u0bae\\u0bc1\\u0bb1\\u0bc8\\u0b95\\u0bb3\\u0bcd \\u0bae\\u0bb1\\u0bcd\\u0bb1\\u0bc1\\u0bae\\u0bcd \\u0ba8\\u0bbf\\u0baa\\u0ba8\\u0bcd\\u0ba4\\u0ba9\\u0bc8\\u0b95\\u0bb3\\u0bcd \\u0ba4\\u0baf\\u0bb5\\u0bc1 \\u0b9a\\u0bc6\\u0baf\\u0bcd\\u0ba4\\u0bc1 \\u0b8f\\u0bb1\\u0bcd\\u0bb1\\u0bc1\\u0b95\\u0bcd\\u0b95\\u0bc6\\u0bbe\\u0bb3\\u0bcd\\u0bb3\\u0bc1\\u0b99\\u0bcd\\u0b95\\u0bb3\\u0bcd\",\"start_exam\":\"\\u0ba4\\u0bc7\\u0bb0\\u0bcd\\u0bb5\\u0bc1 \\u0ba4\\u0bc6\\u0bbe\\u0b9f\\u0b99\\u0bcd\\u0b95\",\"previous\":\"\\u0bae\\u0bc1\\u0ba8\\u0bcd\\u0ba4\\u0bc8\\u0baf\",\"next\":\"\\u0b85\\u0b9f\\u0bc1\\u0ba4\\u0bcd\\u0ba4\",\"clear_answer\":\"\\u0ba4\\u0bc6\\u0bb3\\u0bbf\\u0bb5\\u0bbe\\u0ba9 \\u0baa\\u0ba4\\u0bbf\\u0bb2\\u0bcd\",\"bookmarks\":\"\\u0baa\\u0bc1\\u0b95\\u0bcd\\u0bae\\u0bbe\\u0bb0\\u0bcd\\u0b95\\u0bcd\\u0bb8\\u0bcd\",\"exam_duration\":\"\\u0ba4\\u0bc7\\u0bb0\\u0bcd\\u0bb5\\u0bc1 \\u0b95\\u0bbe\\u0bb2\\u0bae\\u0bcd\",\"hints\":\"\\u0b95\\u0bc1\\u0bb1\\u0bbf\\u0baa\\u0bcd\\u0baa\\u0bc1\\u0b95\\u0bb3\\u0bcd\",\"bookmark_this_question\":\"\\u0b87\\u0ba8\\u0bcd\\u0ba4\\u0b95\\u0bcd \\u0b95\\u0bc7\\u0bb3\\u0bcd\\u0bb5\\u0bbf\\u0baf\\u0bc8\\u0b95\\u0bcd \\u0baa\\u0bc1\\u0b95\\u0bcd\\u0bae\\u0bbe\\u0bb0\\u0bcd\\u0b95\\u0bcd\",\"unbookmark_this_question\":\"Unbookmark \\u0b87\\u0ba8\\u0bcd\\u0ba4\\u0b95\\u0bcd \\u0b95\\u0bc7\\u0bb3\\u0bcd\\u0bb5\\u0bbf\\u0baf\\u0bc8\\u0b95\\u0bcd\",\"mark_for_review\":\"\\u0bae\\u0bbe\\u0bb0\\u0bcd\\u0b95\\u0bcd, \\u0bb5\\u0bbf\\u0bae\\u0bb0\\u0bcd\\u0b9a\\u0ba9\\u0bae\\u0bcd\",\"finish\":\"\\u0baa\\u0bbf\\u0ba9\\u0bbf\\u0bb7\\u0bcd\",\"summary\":\"\\u0b9a\\u0bc1\\u0bb0\\u0bc1\\u0b95\\u0bcd\\u0b95\\u0bae\\u0bcd\",\"answered\":\"\\u0baa\\u0ba4\\u0bbf\\u0bb2\\u0bcd\",\"marked\":\"\\u0b95\\u0bc1\\u0bb1\\u0bbf\\u0b95\\u0bcd\\u0b95\\u0baa\\u0bcd\\u0baa\\u0b9f\\u0bcd\\u0b9f\\u0ba4\\u0bc1\",\"not_visited\":\"\\u0bb5\\u0bbf\\u0b9c\\u0baf\\u0bae\\u0bcd\",\"consumed_time\":\"\\u0b89\\u0b9f\\u0bcd\\u0b95\\u0bc6\\u0bbe\\u0bb3\\u0bcd\\u0bb3\\u0baa\\u0bcd\\u0baa\\u0b9f\\u0bc1\\u0b95\\u0bbf\\u0bb1\\u0ba4\\u0bc1 \\u0ba8\\u0bc7\\u0bb0\\u0bae\\u0bcd\",\"result_for\":\"\\u0bae\\u0bc1\\u0b9f\\u0bbf\\u0bb5\\u0bc1\",\"score\":\"\\u0bb8\\u0bcd\\u0b95\\u0bc7\\u0bbe\\u0bb0\\u0bcd\",\"percentage\":\"\\u0b9a\\u0ba4\\u0bb5\\u0bbf\\u0ba4\\u0bae\\u0bcd\",\"grade\":\"\\u0ba4\\u0bb0\\u0bae\\u0bcd\",\"view_key\":\"\\u0b95\\u0bbe\\u0ba3\\u0bcd\\u0b95 \\u0bae\\u0bc1\\u0b95\\u0bcd\\u0b95\\u0bbf\\u0baf\",\"toppers_in_this_exam\":\"\\u0b87\\u0ba8\\u0bcd\\u0ba4 \\u0ba4\\u0bc7\\u0bb0\\u0bcd\\u0bb5\\u0bbf\\u0bb2\\u0bcd \\u0bae\\u0bc1\\u0ba4\\u0bb2\\u0bbf\\u0b9f\\u0ba4\\u0bcd\\u0ba4\\u0bbf\\u0bb2\\u0bcd\",\"click on toper to compare your score\":\"\\u0b89\\u0b99\\u0bcd\\u0b95\\u0bb3\\u0bcd \\u0bb8\\u0bcd\\u0b95\\u0bc7\\u0bbe\\u0bb0\\u0bcd \\u0b92\\u0baa\\u0bcd\\u0baa\\u0bbf\\u0b9f\\u0bcd\\u0b9f\\u0bc1 Toper \\u0b95\\u0bbf\\u0bb3\\u0bbf\\u0b95\\u0bcd \\u0b9a\\u0bc6\\u0baf\\u0bcd\\u0baf\\u0bb5\\u0bc1\\u0bae\\u0bcd\",\"answers\":\"\\u0baa\\u0ba4\\u0bbf\\u0bb2\\u0bcd\\u0b95\\u0bb3\\u0bcd\",\"result\":\"\\u0bb5\\u0bbf\\u0bb3\\u0bc8\\u0bb5\\u0bbe\\u0b95\",\"time_limit\":\"\\u0ba8\\u0bc7\\u0bb0 \\u0bb5\\u0bb0\\u0bae\\u0bcd\\u0baa\\u0bbf\\u0bb1\\u0bcd\\u0b95\\u0bc1\",\"time_taken\":\"\\u0b8e\\u0b9f\\u0bc1\\u0ba4\\u0bcd\\u0ba4\\u0bc1\\u0b95\\u0bcd\\u0b95\\u0bc6\\u0bbe\\u0ba3\\u0bcd\\u0b9f \\u0ba8\\u0bc7\\u0bb0\\u0bae\\u0bcd\",\"explanation\":\"\\u0bb5\\u0bbf\\u0bb3\\u0b95\\u0bcd\\u0b95\\u0bae\\u0bcd\",\"exam_analysis\":\"\\u0ba4\\u0bc7\\u0bb0\\u0bcd\\u0bb5\\u0bc1 \\u0baa\\u0b95\\u0bc1\\u0baa\\u0bcd\\u0baa\\u0bbe\\u0baf\\u0bcd\\u0bb5\\u0bc1\",\"attempts\":\"\\u0bae\\u0bc1\\u0baf\\u0bb1\\u0bcd\\u0b9a\\u0bbf\\u0b95\\u0bb3\\u0bcd\",\"analysis_by_exam\":\"\\u0ba4\\u0bc7\\u0bb0\\u0bcd\\u0bb5\\u0bc1 \\u0bae\\u0bc2\\u0bb2\\u0bae\\u0bcd \\u0baa\\u0b95\\u0bc1\\u0baa\\u0bcd\\u0baa\\u0bbe\\u0baf\\u0bcd\\u0bb5\\u0bc1\",\"children\":\"\\u0b95\\u0bc1\\u0bb4\\u0ba8\\u0bcd\\u0ba4\\u0bc8\\u0b95\\u0bb3\\u0bcd\",\"no_categories_available\":\"\\u0b95\\u0bbf\\u0b9f\\u0bc8\\u0b95\\u0bcd\\u0b95\\u0bc1\\u0bae\\u0bcd \\u0b87\\u0bb2\\u0bcd\\u0bb2\\u0bc8 \\u0bb5\\u0b95\\u0bc8\\u0b95\\u0bb3\\u0bcd\",\"click_here_to_change_your_preferences\":\"\\u0b89\\u0b99\\u0bcd\\u0b95\\u0bb3\\u0bcd \\u0bb5\\u0bbf\\u0bb0\\u0bc1\\u0baa\\u0bcd\\u0baa\\u0b99\\u0bcd\\u0b95\\u0bb3\\u0bcd \\u0bae\\u0bbe\\u0bb1\\u0bcd\\u0bb1 \\u0b87\\u0b99\\u0bcd\\u0b95\\u0bc7 \\u0b95\\u0bbf\\u0bb3\\u0bbf\\u0b95\\u0bcd \\u0b9a\\u0bc6\\u0baf\\u0bcd\\u0baf\\u0bb5\\u0bc1\\u0bae\\u0bcd\",\"record_added_successfully\":\"\\u0baa\\u0ba4\\u0bbf\\u0bb5\\u0bc1 \\u0b9a\\u0bc7\\u0bb0\\u0bcd\\u0b95\\u0bcd\\u0b95\\u0baa\\u0bcd\\u0baa\\u0b9f\\u0bcd\\u0b9f\\u0ba4\\u0bc1 \\u0bb5\\u0bc6\\u0bb1\\u0bcd\\u0bb1\\u0bbf\\u0b95\\u0bb0\\u0bae\\u0bbe\\u0b95\",\"lms_series\":\"LMS \\u0ba4\\u0bc6\\u0bbe\\u0b9f\\u0bb0\\u0bcd\",\"no_series_available\":\"\\u0b95\\u0bbf\\u0b9f\\u0bc8\\u0b95\\u0bcd\\u0b95\\u0bc1\\u0bae\\u0bcd \\u0b8e\\u0ba8\\u0bcd\\u0ba4 \\u0ba4\\u0bc6\\u0bbe\\u0b9f\\u0bb0\\u0bcd\",\"edit_quiz\":\"\\u0bb5\\u0bbf\\u0ba9\\u0bbe\\u0b9f\\u0bbf \\u0bb5\\u0bbf\\u0ba9\\u0bbe \\u0ba4\\u0bbf\\u0bb0\\u0bc1\\u0ba4\\u0bcd\\u0ba4\\u0bc1\",\"messages\":\"\\u0b9a\\u0bc6\\u0baf\\u0bcd\\u0ba4\\u0bbf\\u0b95\\u0bb3\\u0bcd\",\"academic_operations\":\"\\u0b95\\u0bb2\\u0bcd\\u0bb5\\u0bbf \\u0ba8\\u0b9f\\u0bb5\\u0b9f\\u0bbf\\u0b95\\u0bcd\\u0b95\\u0bc8\\u0b95\\u0bb3\\u0bcd\",\"certificates\":\"\\u0b9a\\u0bbe\\u0ba9\\u0bcd\\u0bb1\\u0bbf\\u0ba4\\u0bb4\\u0bcd\\u0b95\\u0bb3\\u0bcd\",\"transfers\":\"\\u0b87\\u0b9f\\u0bae\\u0bbe\\u0bb1\\u0bcd\\u0bb1\\u0b99\\u0bcd\\u0b95\\u0bb3\\u0bcd\",\"timetable\":\"\\u0b95\\u0bbe\\u0bb2 \\u0b85\\u0b9f\\u0bcd\\u0b9f\\u0bb5\\u0ba3\\u0bc8\",\"upload_marks_\":\"\\u0baa\\u0ba4\\u0bbf\\u0bb5\\u0bc7\\u0bb1\\u0bcd\\u0bb1\\u0bae\\u0bcd \\u0bae\\u0bbe\\u0bb0\\u0bcd\\u0b95\\u0bcd\\u0bb8\\u0bcd\",\"transportation\":\"\\u0baa\\u0bc7\\u0bbe\\u0b95\\u0bcd\\u0b95\\u0bc1\\u0bb5\\u0bb0\\u0ba4\\u0bcd\\u0ba4\\u0bc1\",\"vechicles\":\"Vechicles\",\"vehicle_types\":\"\\u0bb5\\u0bbe\\u0b95\\u0ba9 \\u0bb5\\u0b95\\u0bc8\\u0b95\\u0bb3\\u0bcd\",\"certificate_templates\":\"\\u0b9a\\u0bbe\\u0ba9\\u0bcd\\u0bb1\\u0bbf\\u0ba4\\u0bb4\\u0bcd \\u0b9f\\u0bc6\\u0bae\\u0bcd\\u0baa\\u0bcd\\u0bb3\\u0bc7\\u0b9f\\u0bcd\\u0b95\\u0bb3\\u0bcd\"}','2016-08-23 05:39:43','2017-02-03 10:38:56'),(7,'Urdu','urdu','ur',1,0,0,'{\"success\":\"\\u06a9\\u0627\\u0645\\u06cc\\u0627\\u0628\\u06cc\",\"record_updated_successfully\":\"\\u0631\\u06cc\\u06a9\\u0627\\u0631\\u0688 \\u06a9\\u0627\\u0645\\u06cc\\u0627\\u0628\\u06cc \\u0633\\u06d2 \\u0627\\u067e \\u0688\\u06cc\\u0679\",\"languages\":\"\\u0632\\u0628\\u0627\\u0646\\u06cc\\u06ba\",\"create\":\"\\u0628\\u0646\\u0627\\u0646\\u0627\",\"language\":\"\\u0632\\u0628\\u0627\\u0646\",\"code\":\"\\u0636\\u0627\\u0628\\u0637\\u06d2\",\"is_rtl\":\"RTL \\u06c1\\u06d2\",\"default_language\":\"\\u0688\\u06cc\\u0641\\u0627\\u0644\\u0679 \\u0644\\u06cc\\u0646\\u06af\\u0648\\u0626\\u062c\",\"action\":\"\\u0639\\u0645\\u0644\",\"deleted\":\"\\u062d\\u0630\\u0641 \\u0634\\u062f\\u06c1\",\"sorry\":\"\\u0645\\u0639\\u0630\\u0631\\u062a\",\"cannot_delete_this_record_as\":\"\\u062d\\u0630\\u0641 \\u0646\\u06c1\\u06cc\\u06ba \\u06a9\\u0631 \\u0633\\u06a9\\u062a\\u06d2 \\u0627\\u0633 \\u0631\\u06cc\\u06a9\\u0627\\u0631\\u0688 \\u06a9\\u06d2 \\u0637\\u0648\\u0631 \\u067e\\u0631\",\"site_title\":\"\\u0648\\u06cc\\u0628 \\u0633\\u0627\\u0626\\u0679 \\u06a9\\u0627 \\u0639\\u0646\\u0648\\u0627\\u0646\",\"latest_users\":\"\\u062a\\u0627\\u0632\\u06c1 \\u062a\\u0631\\u06cc\\u0646 \\u0635\\u0627\\u0631\\u0641\\u06cc\\u0646\",\"was_joined_as\":\"\\u062c\\u06cc\\u0633\\u0627 \\u06a9\\u06c1 \\u0634\\u0627\\u0645\\u0644 \\u06a9\\u06cc\\u0627 \\u06af\\u06cc\\u0627 \\u062a\\u06be\\u0627\",\"see_more\":\"\\u062f\\u06cc\\u06a9\\u06be\\u06cc\\u06ba \\u0645\\u0632\\u06cc\\u062f\",\"my_profile\":\"\\u0645\\u06cc\\u0631\\u06cc \\u067e\\u0631\\u0648\\u0641\\u0627\\u0626\\u0644\",\"change_password\":\"\\u067e\\u0627\\u0633 \\u0648\\u0631\\u0688 \\u062a\\u0628\\u062f\\u06cc\\u0644 \\u06a9\\u0631\\u06cc\\u06ba\",\"logout\":\"\\u0644\\u0627\\u06af \\u0622\\u0648\\u0679\",\"dashboard\":\"\\u0688\\u06cc\\u0634 \\u0628\\u0648\\u0631\\u0688\",\"users\":\"\\u0635\\u0627\\u0631\\u0641\\u06cc\\u0646\",\"roles\":\"\\u06a9\\u0631\\u062f\\u0627\\u0631\",\"fee_settings\":\"\\u0641\\u06cc\\u0633 \\u062a\\u0631\\u062a\\u06cc\\u0628\\u0627\\u062a\",\"fee_categories\":\"\\u0641\\u06cc\\u0633 \\u062c\\u0627\\u062a\",\"fee_category_allotment\":\"\\u0641\\u06cc\\u0633 \\u0632\\u0645\\u0631\\u06c1 \\u062a\\u06cc\\u0646 \\u06c1\\u0644\\u0627\\u06a9\",\"fee_particulars\":\"\\u0641\\u06cc\\u0633 \\u062a\\u0641\\u0635\\u06cc\\u0644\\u0627\\u062a\",\"fee_schedules\":\"\\u0641\\u06cc\\u0633 \\u0634\\u06cc\\u0688\\u0648\\u0644\",\"fines\":\"\\u062c\\u0631\\u0645\\u0627\\u0646\\u06c1\",\"discounts\":\"\\u0688\\u0633\\u06a9\\u0627\\u0624\\u0646\\u0679\\u0633\",\"master_settings\":\"\\u0645\\u0627\\u0633\\u0679\\u0631 \\u062a\\u0631\\u062a\\u06cc\\u0628\\u0627\\u062a\",\"religions_master\":\"\\u0645\\u0630\\u0627\\u06c1\\u0628 \\u0645\\u0627\\u0633\\u0679\\u0631\",\"academics_master\":\"\\u0645\\u0627\\u06c1\\u0631\\u06cc\\u0646 \\u062a\\u0639\\u0644\\u06cc\\u0645 \\u0645\\u0627\\u0633\\u0679\\u0631\",\"courses_master\":\"\\u06a9\\u0648\\u0631\\u0633\\u0632 \\u0645\\u0627\\u0633\\u0679\\u0631\",\"subjects_master\":\"\\u0645\\u0636\\u0627\\u0645\\u06cc\\u0646 \\u0645\\u06cc\\u06ba \\u0645\\u0627\\u0633\\u0679\\u0631\",\"subject_topics\":\"\\u0645\\u0648\\u0636\\u0648\\u0639 \\u06a9\\u06d2 \\u0645\\u0648\\u0636\\u0648\\u0639\\u0627\\u062a\",\"course_subjects\":\"\\u06a9\\u0648\\u0631\\u0633 \\u0645\\u0636\\u0627\\u0645\\u06cc\\u0646\",\"email_templates\":\"\\u0627\\u06cc \\u0645\\u06cc\\u0644 \\u0633\\u0627\\u0646\\u0686\\u06d2\",\"exams\":\"\\u0627\\u0645\\u062a\\u062d\\u0627\\u0646\\u0627\\u062a\",\"categories\":\"\\u0627\\u0642\\u0633\\u0627\\u0645\",\"question_bank\":\"\\u0633\\u0648\\u0627\\u0644 \\u0628\\u06cc\\u0646\\u06a9\",\"quiz\":\"\\u06a9\\u0648\\u0626\\u0632\",\"lms\":\"LMS\",\"content\":\"\\u0645\\u0648\\u0627\\u062f\",\"study_materials\":\"\\u0645\\u0637\\u0627\\u0644\\u0639\\u06c1 \\u0645\\u0648\\u0627\\u062f\",\"library\":\"\\u0644\\u0627\\u0626\\u0628\\u0631\\u06cc\\u0631\\u06cc\",\"asset_types\":\"\\u0627\\u062b\\u0627\\u062b\\u06c1 \\u06a9\\u06cc \\u0627\\u0642\\u0633\\u0627 \\u0645\",\"master_data\":\"\\u0645\\u0627\\u0633\\u0679\\u0631 \\u0688\\u06cc\\u0679\\u0627\",\"publishers\":\"\\u0646\\u0627\\u0634\\u0631\\u06cc\\u0646\",\"authors\":\"\\u0645\\u0635\\u0646\\u0641\\u06cc\\u0646\",\"students\":\"\\u0637\\u0644\\u0628\\u0627\\u0621\",\"staff\":\"\\u0627\\u0633\\u0679\\u0627\\u0641\",\"school_hub\":\"\\u0633\\u06a9\\u0648\\u0644 \\u062d\\u0628\",\"attendance\":\"\\u062d\\u0627\\u0636\\u0631\\u06cc\",\"edit\":\"\\u062a\\u0635\\u06cc\\u062d\",\"delete\":\"\\u062d\\u0630\\u0641 \\u06a9\\u0631\\u06cc\\u06ba\",\"enable\":\"\\u0641\\u0639\\u0627\\u0644\",\"set_default\":\"\\u067e\\u06c1\\u0644\\u06d2 \\u0633\\u06d2 \\u0637\\u06d2 \\u0634\\u062f\\u06c1\",\"disable\":\"\\u063a\\u06cc\\u0631 \\u0641\\u0639\\u0627\\u0644 \\u06a9\\u0631\\u06cc\\u06ba\",\"user_statistics\":\"\\u06cc\\u0648\\u0632\\u0631 \\u06a9\\u06d2 \\u0627\\u0639\\u062f\\u0627\\u062f\\u0648\\u0634\\u0645\\u0627\\u0631\",\"view_all\":\"\\u0633\\u0628 \\u062f\\u06cc\\u06a9\\u06be\\u06cc\\u06ba\",\"quiz_categories\":\"\\u06a9\\u0648\\u0626\\u0632 \\u062c\\u0627\\u062a\",\"quizzes\":\"QUIZZES\",\"subjects\":\"\\u0645\\u0636\\u0627\\u0645\\u06cc\\u0646\",\"topics\":\"\\u0645\\u0648\\u0636\\u0648\\u0639\\u0627\\u062a\",\"questions\":\"\\u0633\\u0648\\u0627\\u0644\\u0627\\u062a\"}','2016-08-23 10:08:33','2017-02-03 10:38:56'),(9,'English','english-1','en',0,1,1,'{\"get \":\"Get \",\" for just \":\" For Just \",\"click here to select\":\"Click Here To Select\",\"home\":\"Home\",\"products\":\"Products\",\"login\":\"Login\",\"home_page_banner_heading\":\"Home Page Banner Heading\",\"home_page_banner_sub_heading\":\"Home Page Banner Sub Heading\",\"search\":\"Search\",\"search_in_all_categories\":\"Search In All Categories\",\"today_offer\":\"Today Offer\",\"this offer expires on\":\"This Offer Expires On\",\"days\":\"Days\",\"hours\":\"Hours\",\"mins\":\"Mins\",\"sec\":\"Sec\",\"view details\":\"View Details\",\"my dashboard\":\"My Dashboard\",\"categories\":\"Categories\",\"view_all\":\"View All\",\"coupons\":\"Coupons\",\"pages\":\"Pages\",\"users\":\"Users\",\"settings\":\"Settings\",\"payment_reports\":\"Payment Reports\",\"latest_users\":\"Latest Users\",\"sign out\":\"Sign Out\",\"online\":\"Online\",\"dashboard\":\"Dashboard\",\"all\":\"All\",\"owners\":\"Owners\",\"admins\":\"Admins\",\"executives\":\"Executives\",\"vendors\":\"Vendors\",\"customers\":\"Customers\",\"add\":\"Add\",\"import\":\"Import\",\"list\":\"List\",\"licences\":\"Licences\",\"templates\":\"Templates\",\"list email templates\":\"List Email Templates\",\"list sms templates\":\"List Sms Templates\",\"offers\":\"Offers\",\"online_reports\":\"Online Reports\",\"offline_reports\":\"Offline Reports\",\"export\":\"Export\",\"languages\":\"Languages\",\"buy \":\"Buy \",\"online_payments\":\"Online Payments\",\"payments\":\"Payments\",\"success\":\"Success\",\"pending\":\"Pending\",\"cancelled\":\"Cancelled\",\"payment_statistics\":\"Payment Statistics\",\"payment_monthly_statistics\":\"Payment Monthly Statistics\",\"all_payments\":\"All Payments\",\"image\":\"Image\",\"user_name\":\"User Name\",\"item\":\"Item\",\"product_owner\":\"Product Owner\",\"payment_gateway\":\"Payment Gateway\",\"updated_at\":\"Updated At\",\"payment_status\":\"Payment Status\",\"offline_payment_details\":\"Offline Payment Details\",\"name\":\"Name\",\"cost\":\"Cost\",\"coupon_applied\":\"Coupon Applied\",\"discount\":\"Discount\",\"after_discount\":\"After Discount\",\"plan_type\":\"Plan Type\",\"notes\":\"Notes\",\"created_at\":\"Created At\",\"comments\":\"Comments\",\"approve\":\"Approve\",\"reject\":\"Reject\",\"close\":\"Close\",\"no\":\"No\",\"yes\":\"Yes\",\"please select\":\"Please Select\",\"cart\":\"Cart\",\"your cart\":\"Your Cart\",\"product name\":\"Product Name\",\"product price\":\"Product Price\",\"options\":\"Options\",\"total cart\":\"Total Cart\",\"products price :\":\"Products Price :\",\"tax :\":\"Tax :\",\"support fee :\":\"Support Fee :\",\"total price :\":\"Total Price :\",\"check out\":\"Check Out\",\"continue shopping\":\"Continue Shopping\",\"proceed to checkout\":\"Proceed To Checkout\",\"your cart is empty\":\"Your Cart Is Empty\",\"most popular\":\"Most Popular\",\"featured\":\"Featured\",\"latest\":\"Latest\",\"freebies\":\"Freebies\",\"details\":\"Details\",\"buy now\":\"Buy Now\",\"popular\":\"Popular\",\"success_list\":\"Success List\",\"pending_list\":\"Pending List\",\"cancelled_list\":\"Cancelled List\",\"paid_amount\":\"Paid Amount\",\"payment_cost\":\"Payment Cost\",\"products_dashboard\":\"Products Dashboard\",\"s.no\":\"S.no\",\"title\":\"Title\",\"price\":\"Price\",\"status\":\"Status\",\"action\":\"Action\",\"are_you_sure\":\"Are You Sure\",\"you_will_not_be_able_to_recover_this_record\":\"You Will Not Be Able To Recover This Record\",\"delete_it\":\"Delete It\",\"cancel_please\":\"Cancel Please\",\"deleted\":\"Deleted\",\"sorry\":\"Sorry\",\"cannot_delete_this_record_as\":\"Cannot Delete This Record As\",\"your_record_has_been_deleted\":\"Your Record Has Been Deleted\",\"your_record_is_safe\":\"Your Record Is Safe\",\"product_details\":\"Product Details\",\"sales\":\"Sales\",\"amount\":\"Amount\",\"product_categories\":\"Product Categories\",\"categories_list\":\"Categories List\",\"sno\":\"Sno\",\"product_name\":\"Product Name\",\"category\":\"Category\",\"product_sales\":\"Product Sales\",\"customer_name\":\"Customer Name\",\"date\":\"Date\",\"customer_email\":\"Customer Email\",\"see all products\":\"See All Products\",\"offline_payments\":\"Offline Payments\",\"view_details\":\"View Details\",\"create\":\"Create\",\"module\":\"Module\",\"key\":\"Key\",\"description\":\"Description\",\"edit\":\"Edit\",\"view\":\"View\",\"master_settings\":\"Master Settings\",\"site_title\":\"Site Title\",\"site_logo\":\"Site Logo\",\"site_address\":\"Site Address\",\"site_city\":\"Site City\",\"site_favicon\":\"Site Favicon\",\"site_state\":\"Site State\",\"site_country\":\"Site Country\",\"site_zipcode\":\"Site Zipcode\",\"site_phone\":\"Site Phone\",\"system_timezone\":\"System Timezone\",\"background_image\":\"Background Image\",\"default_academic_year_id\":\"Default Academic Year Id\",\"default_parent_course_id\":\"Default Parent Course Id\",\"current_theme\":\"Current Theme\",\"currency_code\":\"Currency Code\",\"terms_and_conditions\":\"Terms And Conditions\",\"privacy_policy\":\"Privacy Policy\",\"date_format\":\"Date Format\",\"update\":\"Update\",\"default_theme\":\"Default Theme\",\"green_theme\":\"Green Theme\",\"red_theme\":\"Red Theme\",\"mail_driver\":\"Mail Driver\",\"mail_host\":\"Mail Host\",\"mail_port\":\"Mail Port\",\"mail_username\":\"Mail Username\",\"mail_password\":\"Mail Password\",\"mail_encryption\":\"Mail Encryption\",\"setting_key\":\"Setting Key\",\"tool_tip\":\"Tool Tip\",\"type\":\"Type\",\"default_value\":\"Default Value\",\"total_options\":\"Total Options\",\"option_value\":\"Option Value\",\"option_text\":\"Option Text\",\"make_default\":\"Make Default\",\"mailchimp_apikey\":\"Mailchimp Apikey\",\"mailchimp_list_id\":\"Mailchimp List Id\",\"email address\":\"Email Address\",\"this_field_is_required\":\"This Field Is Required\",\"sign up\":\"Sign Up\",\"please enter email address\":\"Please Enter Email Address\",\"please enter valid email address\":\"Please Enter Valid Email Address\",\"thanks for your subscription\":\"Thanks For Your Subscription\",\"400: dadada@dsdada.ff is already a list member. use put to insert or update list members.\":\"400: Dadada@dsdada.ff Is Already A List Member. Use Put To Insert Or Update List Members.\"}','2016-08-30 06:11:02','2017-02-03 10:38:56'),(12,'Hindi','hindi','hi',0,0,0,'{\"success\":\"\\u0938\\u092b\\u0932\\u0924\\u093e\",\"record_updated_successfully\":\"\\u0930\\u093f\\u0915\\u093e\\u0930\\u094d\\u0921 \\u0938\\u092b\\u0932\\u0924\\u093e\\u092a\\u0942\\u0930\\u094d\\u0935\\u0915 \\u0905\\u092a\\u0921\\u0947\\u091f\",\"languages\":\"\\u092c\\u094b\\u0932\\u0940\",\"create\":\"\\u0938\\u0930\\u094d\\u091c\\u0928 \\u0915\\u0930\\u0928\\u093e\",\"language\":\"\\u092d\\u093e\\u0937\\u093e\",\"code\":\"\\u0915\\u094b\\u0921\",\"is_rtl\":\"Rtl \\u0939\\u0948\",\"default_language\":\"\\u092e\\u0941\\u0916\\u094d\\u092f \\u092d\\u093e\\u0937\\u093e\",\"action\":\"\\u0915\\u093e\\u0930\\u094d\\u092f\",\"are_you_sure\":\"\\u0915\\u094d\\u092f\\u093e \\u0906\\u092a\\u0915\\u094b \\u092f\\u0915\\u0940\\u0928 \\u0939\\u0948\",\"you_will_not_be_able_to_recover_this_record\":\"\\u0906\\u092a \\u0907\\u0938 \\u0930\\u093f\\u0915\\u0949\\u0930\\u094d\\u0921 \\u0920\\u0940\\u0915 \\u0915\\u0930\\u0928\\u0947 \\u092e\\u0947\\u0902 \\u0938\\u0915\\u094d\\u0937\\u092e \\u0928\\u0939\\u0940\\u0902 \\u0939\\u094b\\u0917\\u093e\",\"yes\":\"\\u0939\\u093e\\u0901\",\"delete_it\":\"\\u0907\\u0938\\u0947 \\u092e\\u093f\\u091f\\u093e\\u0913\",\"no\":\"\\u0928\\u0939\\u0940\\u0902\",\"cancel_please\":\"\\u0930\\u0926\\u094d\\u0926 \\u0915\\u0930\\u0947\\u0902\",\"deleted\":\"\\u0939\\u091f\\u093e\\u090f \\u0917\\u090f\",\"sorry\":\"\\u092e\\u093e\\u092b\\u093c \\u0915\\u0940\\u091c\\u093f\\u092f\\u0947\",\"cannot_delete_this_record_as\":\"\\u0928\\u0939\\u0940\\u0902 \\u0939\\u091f\\u093e \\u0938\\u0915\\u0924\\u0947 \\u0939\\u0948\\u0902 \\u0907\\u0938 \\u0930\\u093f\\u0915\\u0949\\u0930\\u094d\\u0921 \\u0915\\u0947 \\u0930\\u0942\\u092a \\u092e\\u0947\\u0902\",\"your_record_has_been_deleted\":\"\\u0906\\u092a\\u0915\\u093e \\u0930\\u093f\\u0915\\u0949\\u0930\\u094d\\u0921 \\u0928\\u0937\\u094d\\u091f \\u0915\\u0930 \\u0926\\u093f\\u092f\\u093e \\u0917\\u092f\\u093e \\u0939\\u0948\",\"cancelled\":\"\\u0930\\u0926\\u094d\\u0926\",\"your_record_is_safe\":\"\\u0905\\u092a\\u0928\\u0947 \\u0930\\u093f\\u0915\\u0949\\u0930\\u094d\\u0921 \\u0938\\u0941\\u0930\\u0915\\u094d\\u0937\\u093f\\u0924 \\u0939\\u0948\",\"search_student\":\"\\u0916\\u094b\\u091c\\u0947\\u0902 \\u091b\\u093e\\u0924\\u094d\\u0930\",\"latest_users\":\"\\u0928\\u0935\\u0940\\u0928\\u0924\\u092e \\u0909\\u092a\\u092f\\u094b\\u0917\\u0915\\u0930\\u094d\\u0924\\u093e\\u0913\\u0902\",\"was_joined_as\":\"\\u0915\\u0947 \\u0930\\u0942\\u092a \\u092e\\u0947\\u0902 \\u0936\\u093e\\u092e\\u093f\\u0932 \\u0939\\u094b \\u0917\\u092f\\u093e \\u0925\\u093e\",\"see_more\":\"\\u0914\\u0930 \\u0926\\u0947\\u0916\\u0947\\u0902\",\"my_profile\":\"\\u092e\\u0947\\u0930\\u0940 \\u092a\\u094d\\u0930\\u094b\\u092b\\u093e\\u0907\\u0932\",\"change_password\":\"\\u092a\\u093e\\u0938\\u0935\\u0930\\u094d\\u0921 \\u092c\\u0926\\u0932\\u0947\\u0902\",\"feedback\":\"\\u092a\\u094d\\u0930\\u0924\\u093f\\u0915\\u094d\\u0930\\u093f\\u092f\\u093e\",\"notifications\":\"\\u0938\\u0942\\u091a\\u0928\\u093e\\u090f\\u0902\",\"messages\":\"\\u0938\\u0902\\u0926\\u0947\\u0936\",\"logout\":\"\\u0932\\u094b\\u0917 \\u0906\\u0909\\u091f\",\"dashboard\":\"\\u0921\\u0948\\u0936\\u092c\\u094b\\u0930\\u094d\\u0921\",\"users\":\"\\u0909\\u092a\\u092f\\u094b\\u0917\\u0915\\u0930\\u094d\\u0924\\u093e\",\"academic_operations\":\"\\u090f\\u0915\\u0947\\u0921\\u092e\\u093f\\u0915 \\u0938\\u0902\\u091a\\u093e\\u0932\\u0928\",\"attendance\":\"\\u0909\\u092a\\u0938\\u094d\\u0925\\u093f\\u0924\\u093f\",\"certificates\":\"\\u092a\\u094d\\u0930\\u092e\\u093e\\u0923 \\u092a\\u0924\\u094d\\u0930\",\"transfers\":\"\\u0938\\u094d\\u0925\\u093e\\u0928\\u093e\\u0902\\u0924\\u0930\\u0923\",\"timetable\":\"\\u0938\\u092e\\u092f \\u0938\\u093e\\u0930\\u0923\\u0940\",\"offline_exams_\":\"\\u0911\\u092b\\u0932\\u093e\\u0907\\u0928 \\u092a\\u0930\\u0940\\u0915\\u094d\\u0937\\u093e\",\"class_attendance_report\":\"\\u0915\\u0915\\u094d\\u0937\\u093e \\u0909\\u092a\\u0938\\u094d\\u0925\\u093f\\u0924\\u093f \\u0915\\u0940 \\u0930\\u093f\\u092a\\u094b\\u0930\\u094d\\u091f\",\"exams\":\"\\u092a\\u0930\\u0940\\u0915\\u094d\\u0937\\u093e\",\"categories\":\"\\u0936\\u094d\\u0930\\u0947\\u0923\\u093f\\u092f\\u093e\\u0901\",\"question_bank\":\"\\u092a\\u094d\\u0930\\u0936\\u094d\\u0928 \\u092c\\u0948\\u0902\\u0915\",\"quiz\":\"\\u092a\\u094d\\u0930\\u0936\\u094d\\u0928\\u094b\\u0924\\u094d\\u0924\\u0930\\u0940\",\"exam_series\":\"\\u092a\\u0930\\u0940\\u0915\\u094d\\u0937\\u093e \\u0938\\u0940\\u0930\\u0940\\u091c\",\"instructions\":\"\\u0905\\u0928\\u0941\\u0926\\u0947\\u0936\",\"coupons\":\"\\u0915\\u0942\\u092a\\u0928\",\"list\":\"\\u0938\\u0942\\u091a\\u0940\",\"add\":\"\\u091c\\u094b\\u0921\\u093c\\u0928\\u093e\",\"contents\":\"\\u0905\\u0902\\u0924\\u0930\\u094d\\u0935\\u0938\\u094d\\u0924\\u0941\",\"series\":\"\\u0936\\u0943\\u0902\\u0916\\u0932\\u093e\",\"master_settings\":\"\\u092e\\u093e\\u0938\\u094d\\u091f\\u0930 \\u0938\\u0947\\u091f\\u093f\\u0902\\u0917\",\"settings\":\"\\u0938\\u0947\\u091f\\u093f\\u0902\\u0917\\u094d\\u0938\",\"religions_master\":\"\\u0927\\u0930\\u094d\\u092e \\u092e\\u093e\\u0938\\u094d\\u091f\\u0930\",\"academics_master\":\"\\u0936\\u093f\\u0915\\u094d\\u0937\\u093e\\u0935\\u093f\\u0926\\u094b\\u0902 \\u092e\\u093e\\u0938\\u094d\\u091f\\u0930\",\"courses_master\":\"\\u092a\\u093e\\u0920\\u094d\\u092f\\u0915\\u094d\\u0930\\u092e \\u092e\\u093e\\u0938\\u094d\\u091f\\u0930\",\"course_subjects\":\"\\u092a\\u093e\\u0920\\u094d\\u092f\\u0915\\u094d\\u0930\\u092e \\u0935\\u093f\\u0937\\u092f\\u094b\\u0902\",\"certificate_templates\":\"\\u092a\\u094d\\u0930\\u092e\\u093e\\u0923\\u092a\\u0924\\u094d\\u0930 \\u091f\\u0947\\u092e\\u094d\\u092a\\u0932\\u0947\\u091f\",\"email_templates\":\"\\u0908\\u092e\\u0947\\u0932 \\u091f\\u0947\\u092e\\u094d\\u092a\\u0932\\u0947\\u091f\\u094d\\u0938\",\"payment_reports\":\"\\u092d\\u0941\\u0917\\u0924\\u093e\\u0928 \\u0930\\u093f\\u092a\\u094b\\u0930\\u094d\\u091f\",\"online_payments\":\"\\u0911\\u0928\\u0932\\u093e\\u0907\\u0928 \\u092d\\u0941\\u0917\\u0924\\u093e\\u0928\",\"offline_payments\":\"\\u0911\\u092b\\u093c\\u0932\\u093e\\u0907\\u0928 \\u092d\\u0941\\u0917\\u0924\\u093e\\u0928\",\"export\":\"\\u0928\\u093f\\u0930\\u094d\\u092f\\u093e\\u0924\",\"please_wait\":\"\\u0915\\u0943\\u092a\\u092f\\u093e \\u092a\\u094d\\u0930\\u0924\\u0940\\u0915\\u094d\\u0937\\u093e \\u0915\\u0930\\u0947\\u0902\",\"update_strings\":\"\\u0938\\u094d\\u091f\\u094d\\u0930\\u093f\\u0902\\u0917\\u094d\\u0938 \\u0905\\u092a\\u0921\\u0947\\u091f\",\"edit\":\"\\u0938\\u0902\\u092a\\u093e\\u0926\\u093f\\u0924 \\u0915\\u0930\\u0947\\u0902\",\"delete\":\"\\u092e\\u093f\\u091f\\u093e\\u0928\\u093e\",\"enable\":\"\\u0938\\u0915\\u094d\\u0937\\u092e \\u0915\\u0930\\u0947\\u0902\",\"set_default\":\"\\u0921\\u093f\\u092b\\u0949\\u0932\\u094d\\u091f \\u0938\\u0947\\u091f \\u0915\\u0930\\u0947\\u0902\",\"disable\":\"\\u0905\\u0915\\u094d\\u0937\\u092e\",\"user_statistics\":\"\\u0909\\u092a\\u092f\\u094b\\u0917\\u0915\\u0930\\u094d\\u0924\\u093e \\u0938\\u093e\\u0902\\u0916\\u094d\\u092f\\u093f\\u0915\\u0940\",\"pending\":\"\\u0905\\u092a\\u0942\\u0930\\u094d\\u0923\",\"total\":\"\\u0915\\u0941\\u0932\",\"overall_statistics\":\"\\u0915\\u0941\\u0932 \\u092e\\u093f\\u0932\\u093e\\u0915\\u0930 \\u0938\\u093e\\u0902\\u0916\\u094d\\u092f\\u093f\\u0915\\u0940\",\"payments_reports_in\":\"\\u092d\\u0941\\u0917\\u0924\\u093e\\u0928 \\u092e\\u0947\\u0902 \\u0930\\u093f\\u092a\\u094b\\u0930\\u094d\\u091f\",\"demanding_quizzes\":\"\\u0915\\u0940 \\u092e\\u093e\\u0902\\u0917 \\u0915\\u0940 \\u0915\\u094d\\u0935\\u093f\\u091c\\u093c\",\"demanding\":\"\\u0915\\u0940 \\u092e\\u093e\\u0902\\u0917\",\"quizzes\":\"Quizzes\",\"view_all\":\"\\u0938\\u092d\\u0940 \\u0915\\u094b \\u0926\\u0947\\u0916\\u0947\\u0902\",\"academics\":\"\\u0936\\u093f\\u0915\\u094d\\u0937\\u093e\\u0935\\u093f\\u0926\\u094b\\u0902\",\"library\":\"\\u092a\\u0941\\u0938\\u094d\\u0924\\u0915\\u093e\\u0932\\u092f\",\"courses\":\"\\u092a\\u093e\\u0920\\u094d\\u092f\\u0915\\u094d\\u0930\\u092e\",\"quizzes_usage\":\"Quizzes \\u0909\\u092a\\u092f\\u094b\\u0917\",\"paid_quizzes_usage\":\"\\u0905\\u0926\\u093e \\u0915\\u094d\\u0935\\u093f\\u091c\\u093c \\u0909\\u092a\\u092f\\u094b\\u0917\",\"users_dashboard\":\"\\u0909\\u092a\\u092f\\u094b\\u0917\\u0915\\u0930\\u094d\\u0924\\u093e \\u0921\\u0948\\u0936\\u092c\\u094b\\u0930\\u094d\\u0921\",\"owners\":\"\\u0913\\u0928\\u0930\\u094d\\u0938\",\"admins\":\"\\u092c\\u0928\\u093e\\u0935\\u0947\\u0902\",\"students\":\"\\u091b\\u093e\\u0924\\u094d\\u0930\",\"staff\":\"\\u0938\\u094d\\u091f\\u093e\\u092b\\u093c\",\"librarians\":\"\\u092a\\u0941\\u0938\\u094d\\u0924\\u0915\\u093e\\u0932\\u092f\",\"assistant_librarians\":\"\\u0938\\u0939\\u093e\\u092f\\u0915 \\u092a\\u0941\\u0938\\u094d\\u0924\\u0915\\u093e\\u0932\\u092f\",\"parents\":\"\\u092e\\u093e\\u0924\\u093e-\\u092a\\u093f\\u0924\\u093e\",\"all_users\":\"\\u0938\\u092d\\u0940 \\u0909\\u092a\\u092f\\u094b\\u0917\\u0915\\u0930\\u094d\\u0924\\u093e\\u0913\\u0902\",\"create_user\":\"\\u0909\\u092a\\u092f\\u094b\\u0917\\u0915\\u0930\\u094d\\u0924\\u093e \\u092c\\u0928\\u093e\\u0907\\u092f\\u0947\",\"owner\":\"\\u092e\\u093e\\u0932\\u093f\\u0915\",\"import_excel\":\"\\u0906\\u092f\\u093e\\u0924 \\u090f\\u0915\\u094d\\u0938\\u0947\\u0932\",\"add_user\":\"\\u0909\\u092a\\u092f\\u094b\\u0917\\u0915\\u0930\\u094d\\u0924\\u093e \\u091c\\u094b\\u0921\\u093c\\u0947\\u0902\",\"name\":\"\\u0928\\u093e\\u092e\",\"image\":\"\\u091b\\u0935\\u093f\",\"email\":\"\\u0908\\u092e\\u0947\\u0932\",\"admin\":\"\\u0935\\u094d\\u092f\\u0935\\u0938\\u094d\\u0925\\u093e\\u092a\\u0915\",\"edit_user\":\"\\u092f\\u0942\\u091c\\u0930 \\u0915\\u094b \\u0938\\u0902\\u092a\\u093e\\u0926\\u093f\\u0924 \\u0915\\u0930\\u094b\",\"update\":\"\\u0905\\u0926\\u094d\\u092f\\u0924\\u0928\",\"invalid_setting\":\"\\u0905\\u092e\\u093e\\u0928\\u094d\\u092f \\u0938\\u0947\\u091f\\u093f\\u0902\\u0917\",\"this_field_is_required\":\"\\u092f\\u0939 \\u092b\\u093c\\u0940\\u0932\\u094d\\u0921 \\u0906\\u0935\\u0936\\u094d\\u092f\\u0915 \\u0939\\u0948\",\"the_text_is_too_short\":\"\\u092a\\u093e\\u0920 \\u092c\\u0939\\u0941\\u0924 \\u091b\\u094b\\u091f\\u093e \\u0939\\u0948\",\"the_text_is_too_long\":\"\\u0932\\u0947\\u0916 \\u092c\\u0939\\u0941\\u0924 \\u092c\\u0921\\u093c\\u093e \\u0939\\u0948\",\"invalid_input\":\"\\u0905\\u092e\\u093e\\u0928\\u094d\\u092f \\u0928\\u093f\\u0935\\u0947\\u0936\",\"username\":\"\\u0909\\u092a\\u092f\\u094b\\u0917\\u0915\\u0930\\u094d\\u0924\\u093e \\u0928\\u093e\\u092e\",\"please_enter_valid_email\":\"\\u0915\\u0943\\u092a\\u092f\\u093e \\u092e\\u093e\\u0928\\u094d\\u092f \\u0908\\u092e\\u0947\\u0932 \\u0915\\u094b \\u0926\\u0930\\u094d\\u091c \\u0915\\u0930\\u0947\\u0902\",\"role\":\"\\u092d\\u0942\\u092e\\u093f\\u0915\\u093e\",\"select_role\":\"\\u092d\\u0942\\u092e\\u093f\\u0915\\u093e \\u0915\\u093e \\u091a\\u092f\\u0928\",\"phone\":\"\\u092b\\u093c\\u094b\\u0928\",\"please_enter_10-15_digit_mobile_number\":\"\\u0915\\u0943\\u092a\\u092f\\u093e 10-15 \\u0905\\u0902\\u0915 \\u092e\\u094b\\u092c\\u093e\\u0907\\u0932 \\u0928\\u0902\\u092c\\u0930 \\u0926\\u0930\\u094d\\u091c\",\"please_enter_valid_phone_number\":\"\\u0915\\u0943\\u092a\\u092f\\u093e \\u090f\\u0915 \\u0935\\u0948\\u0927 \\u0928\\u0902\\u092c\\u0930 \\u0921\\u093e\\u0932\\u0947\\u0902\",\"billing_address\":\"\\u092c\\u093f\\u0932 \\u092d\\u0947\\u091c\\u0928\\u0947 \\u0915\\u093e \\u092a\\u0924\\u093e\",\"please_enter_your_address\":\"\\u0915\\u0943\\u092a\\u092f\\u093e \\u0905\\u092a\\u0928\\u0947 \\u092a\\u0924\\u0947 \\u0926\\u0930\\u094d\\u091c\",\"file_type_not_allowed\":\"\\u092b\\u093c\\u093e\\u0907\\u0932 \\u092a\\u094d\\u0930\\u0915\\u093e\\u0930 \\u0915\\u0940 \\u0905\\u0928\\u0941\\u092e\\u0924\\u093f \\u0928\\u0939\\u0940\\u0902\",\"admission_details\":\"\\u0926\\u093e\\u0916\\u093f\\u0932\\u093e \\u0935\\u093f\\u0935\\u0930\\u0923\",\"profile\":\"\\u092a\\u094d\\u0930\\u094b\\u092b\\u093e\\u0907\\u0932\",\"student\":\"\\u091b\\u093e\\u0924\\u094d\\u0930\",\"edit_details\":\"\\u0935\\u093f\\u0935\\u0930\\u0923 \\u0938\\u0902\\u092a\\u093e\\u0926\\u093f\\u0924 \\u0915\\u0930\\u0947\\u0902\",\"teacher\":\"\\u0905\\u0927\\u094d\\u092f\\u093e\\u092a\\u0915\",\"roll_no\":\"\\u0905\\u0928\\u0941\\u0915\\u094d\\u0930\\u092e\\u093e\\u0902\\u0915\",\"course\":\"\\u0915\\u094b\\u0930\\u094d\\u0938\",\"year-semester\":\"\\u0935\\u0930\\u094d\\u0937 \\u0938\\u0947\\u092e\\u0947\\u0938\\u094d\\u091f\\u0930\",\"staff_id\":\"\\u0938\\u094d\\u091f\\u093e\\u092b \\u0906\\u0908\\u0921\\u0940\",\"job_title\":\"\\u0928\\u094c\\u0915\\u0930\\u0940 \\u0915\\u093e \\u0928\\u093e\\u092e\",\"branch\":\"\\u0921\\u093e\\u0932\\u0940\",\"librarian\":\"\\u092a\\u0941\\u0938\\u094d\\u0924\\u0915\\u093e\\u0932\\u092f \\u0905\\u0927\\u094d\\u092f\\u0915\\u094d\\u0937\",\"assistant_librarian\":\"\\u0938\\u0939\\u093e\\u092f\\u0915 \\u0932\\u093e\\u0907\\u092c\\u094d\\u0930\\u0947\\u0930\\u093f\\u092f\\u0928\",\"parent\":\"\\u092e\\u093e\\u0924\\u093e-\\u092a\\u093f\\u0924\\u093e\",\"academic_operations_dashboard\":\"\\u090f\\u0915\\u0947\\u0921\\u092e\\u093f\\u0915 \\u0938\\u0902\\u091a\\u093e\\u0932\\u0928 \\u0921\\u0948\\u0936\\u092c\\u094b\\u0930\\u094d\\u0921\",\"offline_exams\":\"\\u0911\\u092b\\u0932\\u093e\\u0907\\u0928 \\u092a\\u0930\\u0940\\u0915\\u094d\\u0937\\u093e\",\"module\":\"\\u092e\\u0949\\u0921\\u094d\\u092f\\u0942\\u0932\",\"key\":\"\\u0915\\u0941\\u0902\\u091c\\u0940\",\"description\":\"\\u0935\\u093f\\u0935\\u0930\\u0923\",\"view\":\"\\u0930\\u093e\\u092f\",\"library_dashboard\":\"\\u0932\\u093e\\u0907\\u092c\\u094d\\u0930\\u0947\\u0930\\u0940 \\u0921\\u0948\\u0936\\u092c\\u094b\\u0930\\u094d\\u0921\",\"book_returns_student\":\"\\u092a\\u0941\\u0938\\u094d\\u0924\\u0915 \\u0930\\u093f\\u091f\\u0930\\u094d\\u0928 \\u091b\\u093e\\u0924\\u094d\\u0930\",\"book_returns_staff\":\"\\u092a\\u0941\\u0938\\u094d\\u0924\\u0915 \\u0930\\u093f\\u091f\\u0930\\u094d\\u0928 \\u0938\\u094d\\u091f\\u093e\\u092b\",\"asset_types\":\"\\u090f\\u0938\\u0947\\u091f \\u092a\\u094d\\u0930\\u0915\\u093e\\u0930\",\"master_data\":\"\\u092e\\u0941\\u0916\\u094d\\u092f \\u0906\\u0902\\u0915\\u0921\\u0947\",\"publishers\":\"\\u092a\\u094d\\u0930\\u0915\\u093e\\u0936\\u0915\",\"authors\":\"\\u0932\\u0947\\u0916\\u0915\",\"courses_dashboard\":\"\\u092a\\u093e\\u0920\\u094d\\u092f\\u0915\\u094d\\u0930\\u092e \\u0921\\u0948\\u0936\\u092c\\u094b\\u0930\\u094d\\u0921\",\"academic_years\":\"\\u0905\\u0915\\u093e\\u0926\\u092e\\u093f\\u0915 \\u0935\\u0930\\u094d\\u0937\",\"course_list\":\"\\u092a\\u093e\\u0920\\u094d\\u092f\\u0915\\u094d\\u0930\\u092e \\u0915\\u0940 \\u0938\\u0942\\u091a\\u0940\",\"add_course\":\"\\u0915\\u094b\\u0930\\u094d\\u0938 \\u091c\\u094b\\u0921\\u093c\\u0947\",\"subject_master\":\"\\u0935\\u093f\\u0937\\u092f \\u092e\\u093e\\u0938\\u094d\\u091f\\u0930\",\"subject_topics\":\"\\u0935\\u093f\\u0937\\u092f \\u0935\\u093f\\u0937\\u092f\\u094b\\u0902\",\"allocate_subject_to_course\":\"\\u0915\\u094b\\u0930\\u094d\\u0938 \\u0915\\u0930\\u0928\\u0947 \\u0915\\u0947 \\u0932\\u093f\\u090f \\u0935\\u093f\\u0937\\u092f \\u0915\\u093e \\u0906\\u0935\\u0902\\u091f\\u0928\",\"allocate_staff_to_course\":\"\\u0915\\u094b\\u0930\\u094d\\u0938 \\u0915\\u0930\\u0928\\u0947 \\u0915\\u0947 \\u0932\\u093f\\u090f \\u0915\\u0930\\u094d\\u092e\\u091a\\u093e\\u0930\\u093f\\u092f\\u094b\\u0902 \\u0915\\u093e \\u0906\\u0935\\u0902\\u091f\\u0928\",\"certificates_dashboard\":\"\\u092a\\u094d\\u0930\\u092e\\u093e\\u0923 \\u092a\\u0924\\u094d\\u0930 \\u0921\\u0948\\u0936\\u092c\\u094b\\u0930\\u094d\\u0921\",\"id_cards\":\"\\u092a\\u0930\\u093f\\u091a\\u092f \\u092a\\u0924\\u094d\\u0930\",\"lets_start\":\"\\u091a\\u0932\\u094b \\u0936\\u0941\\u0930\\u0942 \\u0915\\u0930\\u094b\",\"bonafide_certificates\":\"\\u0935\\u093e\\u0938\\u094d\\u0924\\u0935\\u093f\\u0915 \\u092a\\u094d\\u0930\\u092e\\u093e\\u0923 \\u092a\\u0924\\u094d\\u0930\",\"select\":\"\\u091a\\u0941\\u0928\\u0924\\u0947 \\u0939\\u0948\\u0902\",\"student_promotions\":\"\\u0935\\u093f\\u0926\\u094d\\u092f\\u093e\\u0930\\u094d\\u0925\\u0940 \\u092a\\u094d\\u0930\\u091a\\u093e\\u0930\",\"select_details\":\"\\u0935\\u093f\\u0935\\u0930\\u0923 \\u0915\\u093e \\u091a\\u092f\\u0928\",\"academic_year\":\"\\u0936\\u0948\\u0915\\u094d\\u0937\\u0923\\u093f\\u0915 \\u0935\\u0930\\u094d\\u0937\",\"year\":\"\\u0938\\u093e\\u0932\",\"semester\":\"\\u091b\\u092e\\u093e\\u0939\\u0940\",\"is_completed\":\"\\u092a\\u0942\\u0930\\u093e \\u0939\\u094b \\u0917\\u092f\\u093e \\u0939\\u0948\",\"transfer_to_course\":\"\\u0915\\u094b\\u0930\\u094d\\u0938 \\u0915\\u0947 \\u0932\\u093f\\u090f \\u0938\\u094d\\u0925\\u093e\\u0928\\u093e\\u0902\\u0924\\u0930\\u0923\",\"transfer_to_year\":\"\\u0938\\u093e\\u0932 \\u0915\\u0947 \\u0932\\u093f\\u090f \\u0938\\u094d\\u0925\\u093e\\u0928\\u093e\\u0902\\u0924\\u0930\\u0923\",\"transfer_to_semister\":\"Semister \\u0915\\u0947 \\u0932\\u093f\\u090f \\u0938\\u094d\\u0925\\u093e\\u0928\\u093e\\u0902\\u0924\\u0930\\u0923\",\"admission_no\":\"\\u090f\\u0921\\u092e\\u093f\\u0936\\u0928 \\u0928\\u0939\\u0940\\u0902\",\"remarks\":\"\\u091f\\u093f\\u092a\\u094d\\u092a\\u0923\\u093f\\u092f\\u094b\\u0902\",\"promoted\":\"\\u092a\\u094d\\u0930\\u091a\\u093e\\u0930\\u093f\\u0924\",\"detained\":\"\\u0939\\u093f\\u0930\\u093e\\u0938\\u0924 \\u092e\\u0947\\u0902 \\u0932\\u093f\\u092f\\u093e\",\"transfer\":\"\\u0939\\u0938\\u094d\\u0924\\u093e\\u0902\\u0924\\u0930\\u0923\",\"no_users_available\":\"\\u0915\\u094b\\u0908 \\u0909\\u092a\\u092f\\u094b\\u0917\\u0915\\u0930\\u094d\\u0924\\u093e\\u0913\\u0902 \\u0915\\u094b \\u0909\\u092a\\u0932\\u092c\\u094d\\u0927\",\"timings_set\":\"\\u0938\\u092e\\u092f \\u0928\\u093f\\u0930\\u094d\\u0927\\u093e\\u0930\\u093f\\u0924\",\"create_timetable\":\"\\u0938\\u092e\\u092f \\u0938\\u093e\\u0930\\u093f\\u0923\\u0940 \\u092c\\u0928\\u093e\\u090f\\u0902\",\"timetable_dashboard\":\"\\u0938\\u092e\\u092f \\u0938\\u093e\\u0930\\u093f\\u0923\\u0940 \\u0921\\u0948\\u0936\\u092c\\u094b\\u0930\\u094d\\u0921\",\"remove\":\"\\u0939\\u091f\\u093e\\u0928\\u093e\",\"lab\":\"\\u092a\\u094d\\u0930\\u092f\\u094b\\u0917\\u0936\\u093e\\u0932\\u093e\",\"print_timetable\":\"\\u092a\\u094d\\u0930\\u093f\\u0902\\u091f \\u0938\\u093e\\u0930\\u093f\\u0923\\u0940\",\"enter_notes\":\"\\u0928\\u094b\\u091f\\u094d\\u0938 \\u0926\\u0930\\u094d\\u091c\",\"this_will_be_displayed_bottom_of_the_timetable\":\"\\u092f\\u0939 \\u092a\\u094d\\u0930\\u0926\\u0930\\u094d\\u0936\\u093f\\u0924 \\u0938\\u092e\\u092f \\u0938\\u093e\\u0930\\u093f\\u0923\\u0940 \\u0915\\u0947 \\u0928\\u0940\\u091a\\u0947 \\u0939\\u094b \\u091c\\u093e\\u090f\\u0917\\u093e\",\"staff_list\":\"\\u0938\\u094d\\u091f\\u093e\\u092b \\u0938\\u0942\\u091a\\u0940\",\"search\":\"\\u0916\\u094b\\u091c\",\"schedule_table\":\"\\u0905\\u0928\\u0941\\u0938\\u0942\\u091a\\u0940 \\u091f\\u0947\\u092c\\u0932\",\"exam_analysis\":\"\\u092a\\u0930\\u0940\\u0915\\u094d\\u0937\\u093e \\u0935\\u093f\\u0936\\u094d\\u0932\\u0947\\u0937\\u0923\",\"analysis_by_exam\":\"\\u0935\\u093f\\u0936\\u094d\\u0932\\u0947\\u0937\\u0923 \\u0915\\u0930\\u0915\\u0947 \\u092a\\u0930\\u0940\\u0915\\u094d\\u0937\\u093e\",\"of\":\"\\u0915\\u093e\",\"title\":\"\\u0936\\u0940\\u0930\\u094d\\u0937\\u0915\",\"type\":\"\\u092a\\u094d\\u0930\\u0915\\u093e\\u0930\",\"dueration\":\"Dueration\",\"marks\":\"\\u0928\\u093f\\u0936\\u093e\\u0928\",\"attempts\":\"\\u092a\\u094d\\u0930\\u092f\\u093e\\u0938\",\"site_title\":\"\\u0915\\u094d\\u0937\\u0947\\u0924\\u094d\\u0930 \\u0936\\u0940\\u0930\\u094d\\u0937\\u0915\",\"children\":\"\\u092c\\u091a\\u094d\\u091a\\u0947\",\"recent_activity\":\"\\u0939\\u093e\\u0932 \\u0915\\u0940 \\u0917\\u0924\\u093f\\u0935\\u093f\\u0927\\u093f\",\"home\":\"\\u0918\\u0930\",\"faqs\":\"\\u092a\\u0942\\u091b\\u0947 \\u091c\\u093e\\u0928\\u0947 \\u0935\\u093e\\u0932\\u0947 \\u092a\\u094d\\u0930\\u0936\\u094d\\u0928\",\"about_us\":\"\\u0939\\u092e\\u093e\\u0930\\u0947 \\u092c\\u093e\\u0930\\u0947 \\u092e\\u0947\\u0902\",\"contact_us\":\"\\u0939\\u092e\\u0938\\u0947 \\u0938\\u0902\\u092a\\u0930\\u094d\\u0915 \\u0915\\u0930\\u0947\\u0902\",\"password\":\"\\u092a\\u093e\\u0938\\u0935\\u0930\\u094d\\u0921\",\"login\":\"\\u0932\\u0949\\u0917 \\u0907\\u0928 \\u0915\\u0930\\u0947\\u0902\",\"forgot_password\":\"\\u092a\\u093e\\u0938\\u0935\\u0930\\u094d\\u0921 \\u092d\\u0942\\u0932 \\u0917\\u090f\",\"register\":\"\\u0930\\u091c\\u093f\\u0938\\u094d\\u091f\\u0930\",\"quiz_categories\":\"\\u092a\\u094d\\u0930\\u0936\\u094d\\u0928\\u094b\\u0924\\u094d\\u0924\\u0930\\u0940 \\u0936\\u094d\\u0930\\u0947\\u0923\\u093f\\u092f\\u093e\\u0901\",\"admin_dashboard\":\"\\u0935\\u094d\\u092f\\u0935\\u0938\\u094d\\u0925\\u093e\\u092a\\u0915 \\u0921\\u0948\\u0936\\u092c\\u094b\\u0930\\u094d\\u0921\",\"overall_users\":\"\\u0915\\u0941\\u0932 \\u092e\\u093f\\u0932\\u093e\\u0915\\u0930 \\u0909\\u092a\\u092f\\u094b\\u0917\\u0915\\u0930\\u094d\\u0924\\u093e\",\"user_details\":\"\\u0909\\u092a\\u092f\\u094b\\u0917\\u0915\\u0930\\u094d\\u0924\\u093e \\u0935\\u093f\\u0935\\u0930\\u0923\",\"subjects\":\"\\u0935\\u093f\\u0937\\u092f\\u094b\\u0902\",\"topics\":\"\\u0935\\u093f\\u0937\\u092f\",\"questions\":\"\\u092a\\u094d\\u0930\\u0936\\u0928\",\"roles\":\"\\u092d\\u0942\\u092e\\u093f\\u0915\\u093e\\u0913\\u0902\",\"fee_settings\":\"\\u0936\\u0941\\u0932\\u094d\\u0915 \\u0938\\u0947\\u091f\\u093f\\u0902\\u0917\",\"fee_categories\":\"\\u0936\\u0941\\u0932\\u094d\\u0915 \\u0936\\u094d\\u0930\\u0947\\u0923\\u093f\\u092f\\u093e\\u0901\",\"fee_category_allotment\":\"\\u0936\\u0941\\u0932\\u094d\\u0915 \\u0936\\u094d\\u0930\\u0947\\u0923\\u0940 \\u0906\\u092c\\u0902\\u091f\\u0928\",\"fee_particulars\":\"\\u0936\\u0941\\u0932\\u094d\\u0915 \\u092c\\u094d\\u092f\\u094c\\u0930\\u0947\",\"fee_schedules\":\"\\u0936\\u0941\\u0932\\u094d\\u0915 \\u0915\\u093e\\u0930\\u094d\\u092f\\u0915\\u094d\\u0930\\u092e\",\"fines\":\"\\u091c\\u0941\\u0930\\u094d\\u092e\\u093e\\u0928\\u093e\",\"discounts\":\"\\u091b\\u0942\\u091f\",\"subjects_master\":\"\\u0935\\u093f\\u0937\\u092f\\u094b\\u0902 \\u0915\\u0947 \\u092e\\u093e\\u0938\\u094d\\u091f\\u0930\",\"lms\":\"\\u090f\\u0932\\u090f\\u092e\\u090f\\u0938\",\"content\":\"\\u0938\\u093e\\u092e\\u0917\\u094d\\u0930\\u0940\",\"study_materials\":\"\\u0905\\u0927\\u094d\\u092f\\u092f\\u0928 \\u0938\\u093e\\u092e\\u0917\\u094d\\u0930\\u0940\",\"school_hub\":\"\\u0938\\u094d\\u0915\\u0942\\u0932 \\u0939\\u092c\",\"category\":\"\\u0935\\u0930\\u094d\\u0917\",\"is_paid\":\"\\u092d\\u0941\\u0917\\u0924\\u093e\\u0928 \\u0915\\u093f\\u092f\\u093e\",\"total_marks\":\"\\u0915\\u0941\\u0932 \\u092e\\u093e\\u0930\\u094d\\u0915\",\"update_questions\":\"\\u0938\\u0935\\u093e\\u0932 \\u0905\\u092a\\u0921\\u0947\\u091f\",\"free\":\"\\u092e\\u0941\\u0915\\u094d\\u0924\",\"paid\":\"\\u092d\\u0941\\u0917\\u0924\\u093e\\u0928 \\u0915\\u093f\\u092f\\u093e \\u0939\\u0948\",\"create_quiz\":\"\\u092a\\u094d\\u0930\\u0936\\u094d\\u0928\\u094b\\u0924\\u094d\\u0924\\u0930\\u0940 \\u092c\\u0928\\u093e\\u090f\\u0902\",\"quiz_title\":\"\\u092a\\u094d\\u0930\\u0936\\u094d\\u0928\\u094b\\u0924\\u094d\\u0924\\u0930\\u0940 \\u0936\\u0940\\u0930\\u094d\\u0937\\u0915\",\"enter_value_in_minutes\":\"\\u092e\\u0942\\u0932\\u094d\\u092f \\u092e\\u093f\\u0928\\u091f \\u092e\\u0947\\u0902 \\u0926\\u0930\\u094d\\u091c \\u0915\\u0930\\u0947\\u0902\",\"it_will_be_updated_by_adding_the_questions\":\"\\u092f\\u0939 \\u0938\\u0935\\u093e\\u0932 \\u091c\\u094b\\u0921\\u093c\\u0915\\u0930 \\u0905\\u0926\\u094d\\u092f\\u0924\\u0928 \\u0915\\u093f\\u092f\\u093e \\u091c\\u093e\\u090f\\u0917\\u093e\",\"pass_percentage\":\"\\u092a\\u093e\\u0938 \\u092a\\u094d\\u0930\\u0924\\u093f\\u0936\\u0924\",\"update_details\":\"\\u0905\\u0926\\u094d\\u092f\\u0924\\u0928 \\u0935\\u093f\\u0935\\u0930\\u0923\",\"lms_categories\":\"\\u090f\\u0932\\u090f\\u092e\\u090f\\u0938 \\u0936\\u094d\\u0930\\u0947\\u0923\\u093f\\u092f\\u093e\\u0901\",\"start_date\":\"\\u0906\\u0930\\u0902\\u092d \\u0915\\u0930\\u0928\\u0947 \\u0915\\u0940 \\u0924\\u093f\\u0925\\u093f\",\"end_date\":\"\\u0905\\u0902\\u0924\\u093f\\u092e \\u0924\\u093f\\u0925\\u093f\",\"url\":\"\\u092f\\u0942\\u0906\\u0930\\u090f\\u0932\",\"couponcodes\":\"Couponcodes\",\"discount\":\"\\u091b\\u0942\\u091f\",\"minimum_bill\":\"\\u0928\\u094d\\u092f\\u0942\\u0928\\u0924\\u092e \\u092c\\u093f\\u0932\",\"maximum_discount\":\"\\u0905\\u0927\\u093f\\u0915\\u0924\\u092e \\u091b\\u0942\\u091f\",\"limit\":\"\\u0939\\u0926\",\"status\":\"\\u0938\\u094d\\u0925\\u093f\\u0924\\u093f\",\"add_language\":\"\\u092d\\u093e\\u0937\\u093e \\u091c\\u094b\\u0921\\u093c\\u0947\",\"language_title\":\"\\u092d\\u093e\\u0937\\u093e \\u0936\\u0940\\u0930\\u094d\\u0937\\u0915\",\"language_code\":\"\\u092d\\u093e\\u0937\\u093e \\u0915\\u094b\\u0921\",\"supported_language_codes\":\"\\u0938\\u092e\\u0930\\u094d\\u0925\\u093f\\u0924 \\u092d\\u093e\\u0937\\u093e \\u0915\\u094b\\u0921\",\"edit_language\":\"\\u092d\\u093e\\u0937\\u093e \\u0915\\u094b \\u0938\\u0902\\u092a\\u093e\\u0926\\u093f\\u0924\",\"add_users\":\"\\u0909\\u092a\\u092f\\u094b\\u0917\\u0915\\u0930\\u094d\\u0924\\u093e \\u091c\\u094b\\u0921\\u093c\\u0947\\u0902\",\"create_category\":\"\\u0936\\u094d\\u0930\\u0947\\u0923\\u0940 \\u092c\\u0928\\u093e\\u090f\\u0902\",\"category_name\":\"\\u0936\\u094d\\u0930\\u0947\\u0923\\u0940 \\u0928\\u093e\\u092e\",\"please_upload_valid_image_type\":\"\\u0905\\u092a\\u0932\\u094b\\u0921 \\u0915\\u0943\\u092a\\u092f\\u093e \\u0935\\u0948\\u0927 \\u091b\\u0935\\u093f \\u092a\\u094d\\u0930\\u0915\\u093e\\u0930\",\"edit_author\":\"\\u0932\\u0947\\u0916\\u0915 \\u0938\\u0902\\u092a\\u093e\\u0926\\u093f\\u0924 \\u0915\\u0930\\u0947\\u0902\",\"question_subjects\":\"\\u092a\\u094d\\u0930\\u0936\\u094d\\u0928 \\u0935\\u093f\\u0937\\u092f\\u094b\\u0902\",\"add_subject\":\"\\u0935\\u093f\\u0937\\u092f \\u091c\\u094b\\u0921\\u093c\\u0928\\u0947\",\"subject\":\"\\u0935\\u093f\\u0937\\u092f\",\"view_questions\":\"\\u0938\\u0935\\u093e\\u0932\\u094b\\u0902 \\u0926\\u0947\\u0916\\u0947\\u0902\",\"subject_title\":\"\\u0935\\u093f\\u0937\\u092f \\u0936\\u0940\\u0930\\u094d\\u0937\\u0915\",\"subject_code\":\"\\u0935\\u093f\\u0937\\u092f \\u0915\\u094b\\u0921\",\"is_lab\":\"\\u092a\\u094d\\u0930\\u092f\\u094b\\u0917\\u0936\\u093e\\u0932\\u093e \\u0939\\u0948\",\"is_elective\":\"\\u0935\\u0948\\u0915\\u0932\\u094d\\u092a\\u093f\\u0915 \\u0939\\u0948\",\"maximum_marks\":\"\\u0905\\u0927\\u093f\\u0915\\u0924\\u092e \\u0905\\u0902\\u0915\",\"please_enter_valid_number\":\"\\u0915\\u0943\\u092a\\u092f\\u093e \\u0935\\u0948\\u0927 \\u0938\\u0902\\u0916\\u094d\\u092f\\u093e \\u0926\\u0930\\u094d\\u091c\",\"pass_marks\":\"\\u0909\\u0924\\u094d\\u0924\\u0940\\u0930\\u094d\\u0923 \\u0905\\u0902\\u0915\",\"please_enter_valid_maximum_marks\":\"\\u0915\\u0943\\u092a\\u092f\\u093e \\u092e\\u093e\\u0928\\u094d\\u092f \\u0905\\u0927\\u093f\\u0915\\u0924\\u092e \\u0905\\u0902\\u0915 \\u0926\\u0930\\u094d\\u091c\",\"please_enter_valid_pass_marks\":\"\\u0915\\u0943\\u092a\\u092f\\u093e \\u092e\\u093e\\u0928\\u094d\\u092f \\u092a\\u093e\\u0938 \\u092e\\u093e\\u0930\\u094d\\u0915\\u094d\\u0938\",\"pass_marks_cannot_be_greater_than_maximum_marks\":\"\\u092a\\u093e\\u0938 \\u092e\\u093e\\u0930\\u094d\\u0915\\u094d\\u0938 \\u0905\\u0927\\u093f\\u0915\\u0924\\u092e \\u0905\\u0902\\u0915 \\u0938\\u0947 \\u0905\\u0927\\u093f\\u0915 \\u0928\\u0939\\u0940\\u0902 \\u0939\\u094b \\u0938\\u0915\\u0924\\u093e\",\"topic\":\"\\u0935\\u093f\\u0937\\u092f\",\"question\":\"\\u0938\\u0935\\u093e\\u0932\",\"difficulty\":\"\\u0915\\u0920\\u093f\\u0928\\u093e\\u0908\",\"subjects_list\":\"\\u0935\\u093f\\u0937\\u092f\\u094b\\u0902 \\u0938\\u0942\\u091a\\u0940\",\"max_marks\":\"\\u0905\\u0927\\u093f\\u0915\\u0924\\u092e \\u0905\\u0902\\u0915\",\"topics_list\":\"\\u0935\\u093f\\u0937\\u092f \\u0938\\u0942\\u091a\\u0940\",\"from_email\":\"\\u0908 - \\u092e\\u0947\\u0932 \\u0938\\u0947\",\"from_name\":\"\\u0928\\u093e\\u092e \\u0938\\u0947\",\"add_setting\":\"\\u0938\\u0947\\u091f\\u093f\\u0902\\u0917 \\u091c\\u094b\\u0921\\u093c\\u0947\\u0902\",\"edit_topic\":\"\\u0935\\u093f\\u0937\\u092f \\u0938\\u0902\\u092a\\u093e\\u0926\\u093f\\u0924 \\u0915\\u0930\\u0947\\u0902\",\"select_parent\":\"\\u091c\\u0928\\u0915 \\u0915\\u093e \\u091a\\u092f\\u0928\",\"topic_name\":\"\\u0935\\u093f\\u0937\\u092f \\u0928\\u093e\\u092e\",\"edit_template\":\"\\u0916\\u093e\\u0915\\u093e \\u0938\\u0902\\u092a\\u093e\\u0926\\u093f\\u0924 \\u0915\\u0930\\u0947\\u0902\",\"welcome\":\"\\u0938\\u094d\\u0935\\u093e\\u0917\\u0924 \\u0939\\u0947\",\"sms\":\"\\u090f\\u0938\\u090f\\u092e\\u090f\\u0938\",\" my_profile\":\"\\u092e\\u0947\\u0930\\u0940 \\u092a\\u094d\\u0930\\u094b\\u092b\\u093e\\u0907\\u0932\",\" change_password\":\"\\u092a\\u093e\\u0938\\u0935\\u0930\\u094d\\u0921 \\u092c\\u0926\\u0932\\u0947\\u0902\",\" feedback\":\"\\u092a\\u094d\\u0930\\u0924\\u093f\\u0915\\u094d\\u0930\\u093f\\u092f\\u093e\",\" notifications\":\"\\u0938\\u0942\\u091a\\u0928\\u093e\\u090f\\u0902\",\"_messages\":\"\\u0938\\u0902\\u0926\\u0947\\u0936\",\"_languages\":\"\\u092c\\u094b\\u0932\\u0940\",\"_logout\":\"\\u0932\\u094b\\u0917 \\u0906\\u0909\\u091f\",\"exams_dashboard\":\"\\u092a\\u0930\\u0940\\u0915\\u094d\\u0937\\u093e \\u0921\\u0948\\u0936\\u092c\\u094b\\u0930\\u094d\\u0921\",\"quiz_bank\":\"\\u092a\\u094d\\u0930\\u0936\\u094d\\u0928\\u094b\\u0924\\u094d\\u0924\\u0930\\u0940 \\u092c\\u0948\\u0902\\u0915\",\"exam-series\":\"\\u092a\\u0930\\u0940\\u0915\\u094d\\u0937\\u093e \\u0938\\u0940\\u0930\\u0940\\u091c\",\"import_questions\":\"\\u0906\\u092f\\u093e\\u0924 \\u0938\\u0935\\u093e\\u0932\",\"single_answer\":\"\\u090f\\u0915 \\u091c\\u0935\\u093e\\u092c\",\"multi_answer\":\"\\u092e\\u0932\\u094d\\u091f\\u0940 \\u0909\\u0924\\u094d\\u0924\\u0930\",\"fill_the_blanks\":\"\\u0916\\u093e\\u0932\\u0940 \\u0938\\u094d\\u0925\\u093e\\u0928 \\u092d\\u0930\\u094b\",\"upload\":\"\\u0905\\u092a\\u0932\\u094b\\u0921\",\"question_type\":\"\\u092a\\u094d\\u0930\\u0936\\u094d\\u0928 \\u092a\\u094d\\u0930\\u0915\\u093e\\u0930\",\"bonafide_certificate\":\"\\u0935\\u093e\\u0938\\u094d\\u0924\\u0935\\u093f\\u0915 \\u092a\\u094d\\u0930\\u092e\\u093e\\u0923 \\u092a\\u0924\\u094d\\u0930\",\"class\":\"\\u0915\\u0915\\u094d\\u0937\\u093e\",\"purpose\":\"\\u0909\\u0926\\u094d\\u0926\\u0947\\u0936\\u094d\\u092f\",\"create_series\":\"\\u0938\\u0940\\u0930\\u0940\\u091c \\u092c\\u0928\\u093e\\u090f\\u0902\",\"duration\":\"\\u0905\\u0935\\u0927\\u093f\",\"library_users\":\"\\u092a\\u0941\\u0938\\u094d\\u0924\\u0915\\u093e\\u0932\\u092f \\u0909\\u092a\\u092f\\u094b\\u0917\\u0915\\u0930\\u094d\\u0924\\u093e\\u0913\\u0902\",\"first_name\":\"\\u092a\\u0939\\u0932\\u093e \\u0928\\u093e\\u092e\",\"last_name\":\"\\u0905\\u0902\\u0924\\u093f\\u092e \\u0928\\u093e\\u092e\"}','2017-01-02 13:14:57','2017-02-03 10:38:56');

/*Table structure for table `licences` */

DROP TABLE IF EXISTS `licences`;

CREATE TABLE `licences` (
  `id` int(11) NOT NULL AUTO_INCREMENT,
  `slug` varbinary(256) DEFAULT NULL,
  `title` varchar(256) DEFAULT NULL,
  `cost` decimal(10,2) DEFAULT NULL,
  `duration` int(11) DEFAULT NULL,
  `duration_type` enum('Month(s)','Year(s)','Day(s)') DEFAULT 'Month(s)',
  `price` decimal(10,2) DEFAULT '0.00',
  `description` text,
  `user_created` int(11) unsigned DEFAULT NULL,
  `status` enum('Active','Inactive') DEFAULT 'Active',
  `created_at` timestamp NOT NULL DEFAULT CURRENT_TIMESTAMP ON UPDATE CURRENT_TIMESTAMP,
  `updated_at` timestamp NOT NULL DEFAULT '0000-00-00 00:00:00',
  PRIMARY KEY (`id`),
  KEY `fk_user_id` (`user_created`),
  CONSTRAINT `fk_user_id` FOREIGN KEY (`user_created`) REFERENCES `users` (`id`) ON DELETE CASCADE
) ENGINE=InnoDB AUTO_INCREMENT=4 DEFAULT CHARSET=latin1;

/*Data for the table `licences` */

insert  into `licences`(`id`,`slug`,`title`,`cost`,`duration`,`duration_type`,`price`,`description`,`user_created`,`status`,`created_at`,`updated_at`) values (1,'standard','Standard',NULL,1,'Month(s)',2.00,'Standard License',1,'Active','2017-03-22 17:42:22','2017-03-22 12:12:22'),(3,'extended-licence','Extended Licence',NULL,2,'Day(s)',1.00,'fdaffdasfa',1,'Active','2017-03-22 17:02:36','2017-03-22 11:32:36');

/*Table structure for table `messenger_messages` */

DROP TABLE IF EXISTS `messenger_messages`;

CREATE TABLE `messenger_messages` (
  `id` int(10) unsigned NOT NULL AUTO_INCREMENT,
  `thread_id` int(10) unsigned NOT NULL,
  `user_id` int(10) unsigned NOT NULL,
  `body` text COLLATE utf8_unicode_ci NOT NULL,
  `created_at` timestamp NULL DEFAULT NULL,
  `updated_at` timestamp NULL DEFAULT NULL,
  PRIMARY KEY (`id`)
) ENGINE=InnoDB AUTO_INCREMENT=7 DEFAULT CHARSET=utf8 COLLATE=utf8_unicode_ci;

/*Data for the table `messenger_messages` */

insert  into `messenger_messages`(`id`,`thread_id`,`user_id`,`body`,`created_at`,`updated_at`) values (1,1,1,'Hai test ','2017-03-23 11:44:10','2017-03-23 11:44:10'),(2,1,86,'Hai owner','2017-03-23 11:44:29','2017-03-23 11:44:29'),(3,1,86,'hello\r\n','2017-03-23 11:59:23','2017-03-23 11:59:23'),(4,2,1,'Hello Kiran\r\n\r\nplease check once your product\r\n','2017-03-23 12:09:29','2017-03-23 12:09:29'),(5,2,1,'HGhhhajhfja','2017-03-23 13:58:50','2017-03-23 13:58:50'),(6,1,1,'ok','2017-03-23 13:59:31','2017-03-23 13:59:31');

/*Table structure for table `messenger_participants` */

DROP TABLE IF EXISTS `messenger_participants`;

CREATE TABLE `messenger_participants` (
  `id` int(10) unsigned NOT NULL AUTO_INCREMENT,
  `thread_id` int(10) unsigned NOT NULL,
  `user_id` int(10) unsigned NOT NULL,
  `last_read` timestamp NULL DEFAULT NULL,
  `created_at` timestamp NULL DEFAULT NULL,
  `updated_at` timestamp NULL DEFAULT NULL,
  `deleted_at` timestamp NULL DEFAULT NULL,
  PRIMARY KEY (`id`)
) ENGINE=InnoDB AUTO_INCREMENT=5 DEFAULT CHARSET=utf8 COLLATE=utf8_unicode_ci;

/*Data for the table `messenger_participants` */

insert  into `messenger_participants`(`id`,`thread_id`,`user_id`,`last_read`,`created_at`,`updated_at`,`deleted_at`) values (1,1,1,'2017-03-24 04:21:34','2017-03-23 11:44:10','2017-03-24 04:21:34',NULL),(2,1,86,'2017-03-23 14:00:08','2017-03-23 11:44:10','2017-03-23 14:00:08',NULL),(3,2,1,'2017-03-23 13:58:53','2017-03-23 12:09:29','2017-03-23 13:58:53',NULL),(4,2,87,NULL,'2017-03-23 12:09:29','2017-03-23 12:09:29',NULL);

/*Table structure for table `messenger_threads` */

DROP TABLE IF EXISTS `messenger_threads`;

CREATE TABLE `messenger_threads` (
  `id` int(10) unsigned NOT NULL AUTO_INCREMENT,
  `subject` varchar(255) COLLATE utf8_unicode_ci NOT NULL,
  `created_at` timestamp NULL DEFAULT NULL,
  `updated_at` timestamp NULL DEFAULT NULL,
  `deleted_at` timestamp NULL DEFAULT NULL,
  PRIMARY KEY (`id`)
) ENGINE=InnoDB AUTO_INCREMENT=3 DEFAULT CHARSET=utf8 COLLATE=utf8_unicode_ci;

/*Data for the table `messenger_threads` */

insert  into `messenger_threads`(`id`,`subject`,`created_at`,`updated_at`,`deleted_at`) values (1,'Hai sir','2017-03-23 11:44:10','2017-03-23 13:59:31',NULL),(2,'Regarding Product','2017-03-23 12:09:29','2017-03-23 13:58:50',NULL);

/*Table structure for table `migrations` */

DROP TABLE IF EXISTS `migrations`;

CREATE TABLE `migrations` (
  `id` int(10) unsigned NOT NULL AUTO_INCREMENT,
  `migration` varchar(255) COLLATE utf8_unicode_ci NOT NULL,
  `batch` int(11) NOT NULL,
  PRIMARY KEY (`id`)
) ENGINE=InnoDB AUTO_INCREMENT=14 DEFAULT CHARSET=utf8 COLLATE=utf8_unicode_ci;

/*Data for the table `migrations` */

insert  into `migrations`(`id`,`migration`,`batch`) values (1,'2014_10_12_000000_create_users_table',1),(2,'2014_10_12_100000_create_password_resets_table',1),(3,'2017_01_24_011903_entrust_setup_tables',2),(4,'2017_01_25_233552_create_tourapplication_table',3),(5,'2017_01_26_035735_create_applicationstatus_table',4),(6,'2014_10_28_175635_create_threads_table',5),(7,'2014_10_28_175710_create_messages_table',5),(8,'2014_10_28_180224_create_participants_table',5),(9,'2014_11_03_154831_add_soft_deletes_to_participants_table',5),(10,'2014_12_04_124531_add_softdeletes_to_threads_table',5),(11,'2017_01_27_144945_categories',5),(12,'2017_01_27_145108_create_categories_table',6),(13,'2017_03_20_102449_create_shoppingcart_table',6);

/*Table structure for table `offers` */

DROP TABLE IF EXISTS `offers`;

CREATE TABLE `offers` (
  `id` int(11) NOT NULL AUTO_INCREMENT,
  `slug` varchar(256) DEFAULT NULL,
  `title` varchar(256) DEFAULT NULL,
  `description` varchar(512) DEFAULT NULL,
  `image` varchar(256) DEFAULT NULL,
  `product_id` int(10) unsigned DEFAULT NULL,
  `use_product_title` enum('yes','no') DEFAULT 'no',
  `use_product_description` enum('yes','no') DEFAULT 'no',
  `use_product_image` enum('yes','no') DEFAULT 'no',
  `start_date_time` datetime DEFAULT NULL,
  `end_date_time` datetime DEFAULT NULL,
  `created_at` timestamp NOT NULL DEFAULT CURRENT_TIMESTAMP ON UPDATE CURRENT_TIMESTAMP,
  `updated_at` timestamp NOT NULL DEFAULT '0000-00-00 00:00:00',
  `status` enum('active','inactive') DEFAULT NULL,
  PRIMARY KEY (`id`),
  KEY `fk_offers_product_id` (`product_id`),
  CONSTRAINT `fk_offers_product_id` FOREIGN KEY (`product_id`) REFERENCES `products` (`id`) ON DELETE CASCADE
) ENGINE=InnoDB AUTO_INCREMENT=3 DEFAULT CHARSET=latin1;

/*Data for the table `offers` */

insert  into `offers`(`id`,`slug`,`title`,`description`,`image`,`product_id`,`use_product_title`,`use_product_description`,`use_product_image`,`start_date_time`,`end_date_time`,`created_at`,`updated_at`,`status`) values (1,'inauguration-offer','Inauguration Offer','<p>Introduction offer here you can grab</p>\r\n','1.jpeg',16,'no','no','no','2017-03-24 00:00:00','2017-03-31 15:14:00','2017-03-24 15:02:16','2017-03-24 09:32:16','active'),(2,'festival-offer','Festival Offer','<p>fsdaf afafafdsagfhghgdhgfdhd</p>\r\n',NULL,22,'no','no','no','2017-03-25 00:00:00','2017-03-29 00:00:00','2017-03-24 09:09:57','2017-03-24 09:09:57','active');

/*Table structure for table `pages` */

DROP TABLE IF EXISTS `pages`;

CREATE TABLE `pages` (
  `id` int(11) NOT NULL AUTO_INCREMENT,
  `title` varchar(512) NOT NULL,
  `slug` varchar(512) NOT NULL,
  `content` text NOT NULL,
  `meta_tag_title` varchar(512) NOT NULL,
  `meta_tag_description` varchar(512) NOT NULL,
  `meta_tag_keywords` varchar(512) NOT NULL,
  `status` enum('Active','Inactive') DEFAULT 'Active',
  `created_at` timestamp NULL DEFAULT NULL,
  `updated_at` timestamp NULL DEFAULT NULL,
  `record_updated_by` int(11) DEFAULT NULL,
  `show_in_menu` enum('yes','no') DEFAULT NULL,
  PRIMARY KEY (`id`)
) ENGINE=MyISAM AUTO_INCREMENT=8 DEFAULT CHARSET=utf8;

/*Data for the table `pages` */

insert  into `pages`(`id`,`title`,`slug`,`content`,`meta_tag_title`,`meta_tag_description`,`meta_tag_keywords`,`status`,`created_at`,`updated_at`,`record_updated_by`,`show_in_menu`) values (1,'About Us','about-us','<div class=\"container\">\r\n	<div class=\"row row-top\">\r\n		<div class=\"col-sm-12\">\r\n			<h2 class=\"heading-line\">\r\n				Why Choose Us</h2>\r\n		</div>\r\n		<div class=\"col-lg-6 col-md-6 col-sm-6 col-xs-12\">\r\n			<div class=\"about-block\">\r\n				<div class=\"media-left\">\r\n					&nbsp;</div>\r\n				<div class=\"media-body\">\r\n					<h4>\r\n						Exceptional tutors.</h4>\r\n					<p>\r\n						We only accept the best from thousands of applicants, so you can choose from the widest range of qualified experts.</p>\r\n				</div>\r\n			</div>\r\n			<div class=\"about-block\">\r\n				<div class=\"media-left\">\r\n					&nbsp;</div>\r\n				<div class=\"media-body\">\r\n					<h4>\r\n						24/7 Access</h4>\r\n					<p>\r\n						School is tough. Getting a tutor is easy. Get a real tutor anytime, anywhere in our online classroom.</p>\r\n				</div>\r\n			</div>\r\n			<div class=\"about-block\">\r\n				<div class=\"media-left\">\r\n					&nbsp;</div>\r\n				<div class=\"media-body\">\r\n					<h4>\r\n						Variety of Subjects</h4>\r\n					<p>\r\n						From Algebra, Calculus and Statistics to English, Chemistry and Physics. Test prep and AP, too.</p>\r\n				</div>\r\n			</div>\r\n		</div>\r\n		<div class=\"col-lg-6 col-md-6 col-sm-6 col-xs-12\">\r\n			<img alt=\"\" class=\"img-responsive\" src=\"http://dev.mindsworthy.com/tutorsci/assets/front/images/why-choose.png\" /></div>\r\n	</div>\r\n</div>\r\n<p>\r\n	&nbsp;</p>\r\n','aboutus - tutors','about us','about us, tutors about, about tutors','Active',NULL,NULL,NULL,NULL),(2,'How It Works','how-it-works','<section class=\"how-it-works\">\r\n	<div class=\"container\">\r\n		<div class=\"row row-margin\">\r\n			<div class=\"col-sm-12 \">\r\n				<h2 class=\"heading\">\r\n					How Does This <span>Work</span></h2>\r\n			</div>\r\n			<div class=\"col-lg-3 col-md-3 col-sm-6 col-xs-12\">\r\n				<div class=\"step-block center-block\">\r\n					<div class=\"step-img\">\r\n						<img alt=\"\" src=\"http://dev.mindsworthy.com/tutorsci/assets/front/images/step1.png\" />\r\n						<div class=\"step-icon\">\r\n							1</div>\r\n					</div>\r\n					<h4>\r\n						Start Your Search</h4>\r\n					<p>\r\n						Search for online tutoring. Need help with your search? Request a tutor and we&rsquo;ll have tutors contact you very soon!</p>\r\n				</div>\r\n			</div>\r\n			<div class=\"col-lg-3 col-md-3 col-sm-6 col-xs-12\">\r\n				<div class=\"step-block center-block\">\r\n					<div class=\"step-img\">\r\n						<img alt=\"\" src=\"http://dev.mindsworthy.com/tutorsci/assets/front/images/step2.png\" />\r\n						<div class=\"step-icon\">\r\n							2</div>\r\n					</div>\r\n					<h4>\r\n						Review</h4>\r\n					<p>\r\n						Read feedback and ratings from parents and students. Detailed tutor profiles also include photos more.</p>\r\n				</div>\r\n			</div>\r\n			<div class=\"col-lg-3 col-md-3 col-sm-6 col-xs-12\">\r\n				<div class=\"step-block center-block\">\r\n					<div class=\"step-img\">\r\n						<img alt=\"\" src=\"http://dev.mindsworthy.com/tutorsci/assets/front/images/step3.png\" />\r\n						<div class=\"step-icon\">\r\n							3</div>\r\n					</div>\r\n					<h4>\r\n						Schedule</h4>\r\n					<p>\r\n						Communicate directly with tutors to find a time that works for you. Whether you need a single lesson.</p>\r\n				</div>\r\n			</div>\r\n			<div class=\"col-lg-3 col-md-3 col-sm-6 col-xs-12\">\r\n				<div class=\"step-block center-block\">\r\n					<div class=\"step-img\">\r\n						<img alt=\"\" src=\"http://dev.mindsworthy.com/tutorsci/assets/front/images/step4.png\" />\r\n						<div class=\"step-icon\">\r\n							4</div>\r\n					</div>\r\n					<h4>\r\n						Start Learning</h4>\r\n					<p>\r\n						One-on-one instruction is the most effective way to learn. Let us handle payments and administrative details.</p>\r\n				</div>\r\n			</div>\r\n		</div>\r\n	</div>\r\n</section>\r\n<p>\r\n	&nbsp;</p>\r\n','','','','Active',NULL,NULL,NULL,NULL),(3,'Terms and Conditions','terms-and-conditions','<p>\r\n	<strong>Terms and Conditions</strong></p>\r\n<p>\r\n	These are the terms and condition</p>\r\n<p>\r\n	&nbsp;</p>\r\n','','','','Active',NULL,NULL,NULL,NULL),(4,'Privacy and Policy','privacy-and-policy','<p>\r\n	Lorem ipsum dolor sit amet, consectetur adipiscing elit, sed do eiusmod tempor incididunt ut labore et dolore magna aliqua. Ut enim ad minim veniam, quis nostrud exercitation ullamco laboris nisi ut aliquip ex ea commodo consequat. Duis aute irure dolor in reprehenderit in voluptate velit esse cillum dolore eu fugiat nulla pariatur. Excepteur sint occaecat cupidatat non proident, sunt in culpa qui officia deserunt mollit anim id est laborum</p>\r\n','','','','Active',NULL,NULL,NULL,NULL),(5,'Test Page','test-page','<p>\r\n	Test Page content goes here</p>\r\n','','','','Active',NULL,NULL,NULL,NULL),(7,'dsdsdsdsds','dsdsdsdsds','<p>asfdfdfdsfd</p>\r\n','','','','Active','2017-03-03 11:32:36','2017-03-03 11:32:36',1,'yes');

/*Table structure for table `password_resets` */

DROP TABLE IF EXISTS `password_resets`;

CREATE TABLE `password_resets` (
  `email` varchar(255) COLLATE utf8_unicode_ci NOT NULL,
  `token` varchar(255) COLLATE utf8_unicode_ci NOT NULL,
  `created_at` timestamp NULL DEFAULT NULL,
  KEY `password_resets_email_index` (`email`),
  KEY `password_resets_token_index` (`token`)
) ENGINE=InnoDB DEFAULT CHARSET=utf8 COLLATE=utf8_unicode_ci;

/*Data for the table `password_resets` */

insert  into `password_resets`(`email`,`token`,`created_at`) values ('admin@admin.com','$2y$10$axGy49S8KKDmdZxAycxy6OVvwxb9H2RUibxJTuEDefHMIuWvDi2ra','2017-03-14 05:31:33');

/*Table structure for table `payments` */

DROP TABLE IF EXISTS `payments`;

CREATE TABLE `payments` (
  `id` int(10) unsigned NOT NULL AUTO_INCREMENT,
  `slug` varchar(100) COLLATE utf8_unicode_ci NOT NULL,
  `user_id` bigint(20) unsigned NOT NULL DEFAULT '0',
  `payment_gateway` varchar(255) COLLATE utf8_unicode_ci NOT NULL,
  `transaction_id` varchar(255) COLLATE utf8_unicode_ci NOT NULL DEFAULT '0',
  `cost` decimal(10,2) NOT NULL DEFAULT '0.00' COMMENT 'Final Amount need to paid (Item Price + Tax + Licence - Discount)',
  `cart_total` decimal(10,2) DEFAULT '0.00' COMMENT 'Item Price + Tax',
  `item_price` decimal(10,2) DEFAULT '0.00',
  `tax` decimal(10,2) DEFAULT '0.00',
  `licence_price` decimal(10,2) DEFAULT '0.00',
  `discount_amount` decimal(10,2) DEFAULT '0.00',
  `coupon_id` int(11) DEFAULT NULL,
  `paid_amount` decimal(10,2) NOT NULL DEFAULT '0.00',
  `payment_status` varchar(255) COLLATE utf8_unicode_ci NOT NULL,
  `other_details` text COLLATE utf8_unicode_ci,
  `transaction_record` text COLLATE utf8_unicode_ci,
  `notes` text COLLATE utf8_unicode_ci,
  `admin_comments` text COLLATE utf8_unicode_ci,
  `created_at` timestamp NULL DEFAULT NULL,
  `updated_at` timestamp NULL DEFAULT NULL,
  `customer_email` varchar(256) COLLATE utf8_unicode_ci DEFAULT NULL,
  `customer_first_name` varchar(256) COLLATE utf8_unicode_ci DEFAULT NULL,
  `customer_last_name` varchar(256) COLLATE utf8_unicode_ci DEFAULT NULL,
  `customer_billing_address1` varchar(256) COLLATE utf8_unicode_ci DEFAULT NULL,
  `customer_billing_address2` varchar(256) COLLATE utf8_unicode_ci DEFAULT NULL,
  `customer_billing_city` varchar(256) COLLATE utf8_unicode_ci DEFAULT NULL,
  `customer_billing_zip` varchar(20) COLLATE utf8_unicode_ci DEFAULT NULL,
  `customer_billing_state` varchar(256) COLLATE utf8_unicode_ci DEFAULT NULL,
  `customer_billing_country` varchar(256) COLLATE utf8_unicode_ci DEFAULT NULL,
  `payment_details` text COLLATE utf8_unicode_ci,
  PRIMARY KEY (`id`)
) ENGINE=InnoDB AUTO_INCREMENT=28 DEFAULT CHARSET=utf8 COLLATE=utf8_unicode_ci;

/*Data for the table `payments` */

insert  into `payments`(`id`,`slug`,`user_id`,`payment_gateway`,`transaction_id`,`cost`,`cart_total`,`item_price`,`tax`,`licence_price`,`discount_amount`,`coupon_id`,`paid_amount`,`payment_status`,`other_details`,`transaction_record`,`notes`,`admin_comments`,`created_at`,`updated_at`,`customer_email`,`customer_first_name`,`customer_last_name`,`customer_billing_address1`,`customer_billing_address2`,`customer_billing_city`,`customer_billing_zip`,`customer_billing_state`,`customer_billing_country`,`payment_details`) values (21,'270c8b0aede73d3f6ff1b4345f19cf9ca445000f',83,'offline-payment','0',4.84,0.00,0.00,NULL,0.00,NULL,NULL,0.00,'pending',NULL,NULL,NULL,NULL,'2017-03-20 12:29:14','2017-03-20 12:29:22','adiyya@gmail.com','Adiyya','adistu1@hhhh.ff',NULL,NULL,NULL,NULL,NULL,NULL,'ddddddddddddddddddddddd'),(22,'ec78a0ef2d7f83bf70d8affae30592561ff0e39f',83,'offline-payment','0',2.42,0.00,0.00,NULL,0.00,NULL,NULL,0.00,'pending',NULL,NULL,NULL,NULL,'2017-03-21 04:55:09','2017-03-21 04:55:18','adiyya@gmail.com','Adiyya','adistu1@hhhh.ff',NULL,NULL,NULL,NULL,NULL,NULL,'fffffffffffffffffffffffffffffffffff'),(23,'2d71b97ac3138cbf601e90ce0769f43f112db162',83,'offline-payment','0',50.50,0.00,0.00,NULL,0.00,NULL,NULL,0.00,'pending',NULL,NULL,NULL,NULL,'2017-03-23 11:14:17','2017-03-23 11:14:17','adiyya@gmail.com','Adiyya','adistu1@hhhh.ff',NULL,NULL,NULL,NULL,NULL,NULL,NULL),(24,'7e7f3b71ce45c6dc01c174b57f5b5df19175111e',83,'Free','0',0.00,0.00,0.00,0.00,0.00,0.00,NULL,0.00,'pending','{\"cost\":0,\"cart_total\":\"0.00\",\"item_price\":0,\"tax\":\"0.00\",\"licence_price\":0,\"discount_amount\":0}',NULL,NULL,NULL,'2017-03-23 13:38:52','2017-03-23 13:38:52','adiyya@gmail.com','Adiyya','adistu1@hhhh.ff',NULL,NULL,NULL,NULL,NULL,NULL,NULL),(25,'7cd238ac7de71b2c10b27559cdbf8f59d9ea330a',83,'Free','0',0.00,0.00,0.00,0.00,0.00,0.00,NULL,0.00,'pending','{\"cost\":0,\"cart_total\":\"0.00\",\"item_price\":0,\"tax\":\"0.00\",\"licence_price\":0,\"discount_amount\":0}',NULL,NULL,NULL,'2017-03-23 13:39:25','2017-03-23 13:39:25','adiyya@gmail.com','Adiyya','adistu1@hhhh.ff',NULL,NULL,NULL,NULL,NULL,NULL,NULL),(26,'60dce04a59f73f0f926d4ffa4d8d77f0ef633e81',83,'Free','0',0.00,0.00,0.00,0.00,0.00,0.00,NULL,0.00,'pending','{\"cost\":0,\"cart_total\":\"0.00\",\"item_price\":0,\"tax\":\"0.00\",\"licence_price\":0,\"discount_amount\":0}',NULL,NULL,NULL,'2017-03-23 13:39:59','2017-03-23 13:39:59','adiyya@gmail.com','Adiyya','adistu1@hhhh.ff',NULL,NULL,NULL,NULL,NULL,NULL,NULL),(27,'f7825e47e883ce72a7f6635ff717087c5ab0c127',83,'Free','0',0.00,0.00,0.00,0.00,0.00,0.00,NULL,0.00,'pending','{\"cost\":0,\"cart_total\":\"0.00\",\"item_price\":0,\"tax\":\"0.00\",\"licence_price\":0,\"discount_amount\":0}',NULL,NULL,NULL,'2017-03-23 13:42:59','2017-03-23 13:54:40','adiyya@gmail.com','Adiyya','adistu1@hhhh.ff',NULL,NULL,NULL,NULL,NULL,NULL,NULL);

/*Table structure for table `payments_items` */

DROP TABLE IF EXISTS `payments_items`;

CREATE TABLE `payments_items` (
  `id` int(10) unsigned NOT NULL AUTO_INCREMENT,
  `payment_id` int(10) unsigned DEFAULT NULL,
  `slug` varchar(100) COLLATE utf8_unicode_ci NOT NULL,
  `item_id` int(11) NOT NULL,
  `item_slug` varchar(256) COLLATE utf8_unicode_ci DEFAULT NULL,
  `item_name` varchar(50) COLLATE utf8_unicode_ci NOT NULL,
  `item_image` varchar(256) COLLATE utf8_unicode_ci DEFAULT NULL,
  `cost` decimal(10,2) NOT NULL,
  `other_details` text COLLATE utf8_unicode_ci NOT NULL,
  `created_at` timestamp NULL DEFAULT NULL,
  `updated_at` timestamp NULL DEFAULT NULL,
  `quantity` int(11) DEFAULT '0',
  PRIMARY KEY (`id`),
  KEY `fk_payment_id` (`payment_id`),
  CONSTRAINT `fk_payment_id` FOREIGN KEY (`payment_id`) REFERENCES `payments` (`id`) ON DELETE CASCADE
) ENGINE=InnoDB AUTO_INCREMENT=35 DEFAULT CHARSET=utf8 COLLATE=utf8_unicode_ci;

/*Data for the table `payments_items` */

insert  into `payments_items`(`id`,`payment_id`,`slug`,`item_id`,`item_slug`,`item_name`,`item_image`,`cost`,`other_details`,`created_at`,`updated_at`,`quantity`) values (28,21,'65837b0099b4d9cae900cb2094a3d94a6fb9ee50',1,'gdfgdfgsdgsdf','gdfgdfgsdgsdf',NULL,4.00,'{\"id\":1,\"name\":\"gdfgdfgsdgsdf\",\"slug\":\"gdfgdfgsdgsdf\",\"description\":\"<p>gdsfgfsgfsdgfsgsfdfsgd<\\/p>\\r\\n\",\"price_type\":\"variable\",\"price\":\"4.00\",\"price_variations\":\"{\\\"1\\\":{\\\"index\\\":\\\"1\\\",\\\"name\\\":\\\"Red\\\",\\\"amount\\\":\\\"3\\\"},\\\"2\\\":{\\\"index\\\":\\\"2\\\",\\\"name\\\":\\\"Green\\\",\\\"amount\\\":\\\"4\\\",\\\"isdefault\\\":\\\"on\\\"},\\\"3\\\":{\\\"index\\\":\\\"3\\\",\\\"name\\\":\\\"Blue\\\",\\\"amount\\\":\\\"5\\\"}}\",\"price_display_type\":\"checkbox\",\"download_files\":\"[{\\\"index\\\":\\\"name\\\",\\\"name\\\":\\\"\\\",\\\"type\\\":\\\"file\\\",\\\"file_name\\\":\\\"\\\",\\\"option\\\":\\\"All\\\"},{\\\"index\\\":\\\"file_name\\\",\\\"name\\\":\\\"\\\",\\\"type\\\":\\\"file\\\",\\\"file_name\\\":\\\"\\\",\\\"option\\\":\\\"All\\\"},{\\\"index\\\":\\\"option\\\",\\\"name\\\":\\\"\\\",\\\"type\\\":\\\"file\\\",\\\"file_name\\\":\\\"\\\",\\\"option\\\":\\\"All\\\"}]\",\"image\":\"1.jpeg\",\"created_at\":\"2017-03-06 05:54:18\",\"updated_at\":\"2017-03-20 12:25:20\",\"status\":\"Active\",\"meta_tag_title\":\"\",\"meta_tag_description\":\"\",\"meta_tag_keywords\":\"\",\"user_created\":1,\"categories\":\"[\\\"4\\\",\\\"5\\\",\\\"8\\\"]\",\"demo_link\":\"\",\"download_limits\":0,\"download_notes\":\"\",\"is_featured\":\"no\",\"views_count\":5}','2017-03-20 12:29:14','2017-03-20 12:29:14',1),(29,22,'60b68001dcd37c5d14011e1f079a9c365065a4db',16,'product-name','product name',NULL,2.00,'{\"id\":16,\"name\":\"product name\",\"slug\":\"product-name\",\"description\":\"<p>fafsadfaf afadfasd<\\/p>\\r\\n\",\"price_type\":\"default\",\"price\":\"2.00\",\"price_variations\":\"{\\\"1\\\":{\\\"index\\\":\\\"1\\\",\\\"name\\\":\\\"\\\",\\\"amount\\\":\\\"\\\"}}\",\"price_display_type\":\"checkbox\",\"download_files\":\"[{\\\"index\\\":\\\"0\\\",\\\"name\\\":\\\"Penguins.jpg\\\",\\\"type\\\":\\\"file\\\",\\\"file_name\\\":\\\"\\\",\\\"option\\\":\\\"All\\\"}]\",\"image\":\"16.jpeg\",\"created_at\":\"2017-03-07 05:33:01\",\"updated_at\":\"2017-03-18 06:48:54\",\"status\":\"Active\",\"meta_tag_title\":\"\",\"meta_tag_description\":\"\",\"meta_tag_keywords\":\"\",\"user_created\":1,\"categories\":\"[\\\"4\\\",\\\"31\\\",\\\"6\\\"]\",\"demo_link\":\"https:\\/\\/www.youtube.com\\/\",\"download_limits\":0,\"download_notes\":\"<p>fafsdfda<\\/p>\\r\\n\",\"is_featured\":\"no\",\"views_count\":0}','2017-03-21 04:55:09','2017-03-21 04:55:09',1),(30,23,'752ef7c366843ad622817435001a2a669726f8d6',16,'product-name','product name',NULL,50.00,'{\"id\":16,\"name\":\"product name\",\"slug\":\"product-name\",\"description\":\"<p>KINGMA THEME DETAILS<\\/p>\\r\\n\\r\\n<p>KingMa is a powerful and original responsive &amp; parallax WordPress theme. Elegant Execution of this theme is achieved by the great combination of Classy Style with Refinement. Perfect to promote your work or your business. An eye for a detail makes its design perfect to meet needs of creative people, digital agencies and services.<\\/p>\\r\\n\\r\\n<p>This theme is Empowered by the Latest Advancements in HTML5 &amp; CSS3 Animations to provide you with first class User Experience. It also comes with a Working Ajax Contact Form.<\\/p>\\r\\n\\r\\n<p>This theme is designed in a Clean and Minimalistic Style. It is Fully responsive, Very Flexible, Easy for Customizing and Well Documented.<\\/p>\\r\\n\\r\\n<p><img alt=\\\"\\\" src=\\\"http:\\/\\/localhost\\/digi-downloads\\/public\\/product-details\\/images\\/kingmadetails.png\\\" \\/><\\/p>\\r\\n\\r\\n<p>MAIN FEATURE OF THIS THEME<\\/p>\\r\\n\\r\\n<hr \\/>\\r\\n<ul>\\r\\n\\t<li>12 Stunning Demos<\\/li>\\r\\n\\t<li>One Page Theme , also can be used in normal.<\\/li>\\r\\n\\t<li>Fully Responsive and Optimized for small screen device (iphone,ipad)<\\/li>\\r\\n\\t<li>Fullscreen and Boxed Layout<\\/li>\\r\\n\\t<li>Team Carousal Slider<\\/li>\\r\\n\\t<li>Sticky Header<\\/li>\\r\\n\\t<li>Revolution Slider ($19 saved)<\\/li>\\r\\n\\t<li>Visual Composer ($34 saved)<\\/li>\\r\\n\\t<li>Smooth and Stunning Parallax<\\/li>\\r\\n\\t<li>Powerful Admin Panel and Very Customizable and Many Options<\\/li>\\r\\n\\t<li>5 Header and Menu Style<\\/li>\\r\\n\\t<li>3 Footer Style<\\/li>\\r\\n\\t<li>Swipe Slider(Touch Friendly)<\\/li>\\r\\n\\t<li>Video slider<\\/li>\\r\\n\\t<li>Video Parallax<\\/li>\\r\\n<\\/ul>\\r\\n\",\"price_type\":\"default\",\"price\":\"50.00\",\"price_variations\":\"{\\\"1\\\":{\\\"index\\\":\\\"1\\\",\\\"name\\\":\\\"\\\",\\\"amount\\\":\\\"\\\"}}\",\"price_display_type\":\"checkbox\",\"download_files\":\"[{\\\"index\\\":\\\"0\\\",\\\"name\\\":\\\"Penguins.jpg\\\",\\\"type\\\":\\\"file\\\",\\\"file_name\\\":\\\"[\\\",\\\"option\\\":\\\"All\\\"}]\",\"image\":\"16.jpeg\",\"created_at\":\"2017-03-07 05:33:01\",\"updated_at\":\"2017-03-23 10:19:45\",\"status\":\"Active\",\"meta_tag_title\":\"Meta tag title from admin\",\"meta_tag_description\":\"<p>Meta Description From admin<\\/p>\\r\\n\",\"meta_tag_keywords\":\"<p>PHP, wordpress, Hello, rrrrrr<\\/p>\\r\\n\",\"user_created\":1,\"categories\":\"[\\\"4\\\",\\\"31\\\",\\\"6\\\"]\",\"demo_link\":\"https:\\/\\/www.youtube.com\\/\",\"download_limits\":0,\"download_notes\":\"<p>Download and install<\\/p>\\r\\n\",\"is_featured\":\"no\",\"views_count\":101,\"licences\":\"[\\\"1\\\",\\\"3\\\"]\",\"licence_of_use\":\"<p>You can use it for personal or commercial projects. You can&#39;t resell it partially or in this form. It is from author<\\/p>\\r\\n\",\"technical_info\":\"<ul>\\r\\n\\t<li>Chrome, Safari , Firefox, IE9+, IOS and Android<\\/li>\\r\\n\\t<li>Woo-Commerce Integrated<\\/li>\\r\\n\\t<li>WordPress 4.0+<\\/li>\\r\\n\\t<li>Responsive Layout<\\/li>\\r\\n\\t<li>4+ Columns<\\/li>\\r\\n\\t<li>Bootstrap 3.X<\\/li>\\r\\n\\t<li>High Resolution<\\/li>\\r\\n<\\/ul>\\r\\n\",\"product_format\":null}','2017-03-23 11:14:17','2017-03-23 11:14:17',1),(31,24,'387b02f0d08d1f4caa7964fd93495577299db3e6',18,'product-2','Product 2',NULL,0.00,'{\"id\":18,\"name\":\"Product 2\",\"slug\":\"product-2\",\"description\":\"<p>Description 2<\\/p>\\r\\n\",\"price_type\":\"default\",\"price\":\"0.00\",\"price_variations\":\"null\",\"price_display_type\":\"checkbox\",\"download_files\":null,\"image\":null,\"created_at\":null,\"updated_at\":\"2017-03-23 13:24:04\",\"status\":\"Active\",\"meta_tag_title\":\"\",\"meta_tag_description\":\"\",\"meta_tag_keywords\":\"\",\"user_created\":1,\"categories\":\"[\\\"2\\\"]\",\"demo_link\":\"\",\"download_limits\":0,\"download_notes\":\"\",\"is_featured\":\"no\",\"views_count\":2,\"licences\":null,\"licence_of_use\":null,\"technical_info\":null,\"product_format\":null}','2017-03-23 13:38:52','2017-03-23 13:38:52',1),(32,25,'7788a5c52d09f97b19f6db75edddd83359126c47',18,'product-2','Product 2',NULL,0.00,'{\"id\":18,\"name\":\"Product 2\",\"slug\":\"product-2\",\"description\":\"<p>Description 2<\\/p>\\r\\n\",\"price_type\":\"default\",\"price\":\"0.00\",\"price_variations\":\"null\",\"price_display_type\":\"checkbox\",\"download_files\":null,\"image\":null,\"created_at\":null,\"updated_at\":\"2017-03-23 13:24:04\",\"status\":\"Active\",\"meta_tag_title\":\"\",\"meta_tag_description\":\"\",\"meta_tag_keywords\":\"\",\"user_created\":1,\"categories\":\"[\\\"2\\\"]\",\"demo_link\":\"\",\"download_limits\":0,\"download_notes\":\"\",\"is_featured\":\"no\",\"views_count\":2,\"licences\":null,\"licence_of_use\":null,\"technical_info\":null,\"product_format\":null}','2017-03-23 13:39:25','2017-03-23 13:39:25',1),(33,26,'962ba5d20341ec01e7ead042dd5d4f1b587c1a76',18,'product-2','Product 2',NULL,0.00,'{\"id\":18,\"name\":\"Product 2\",\"slug\":\"product-2\",\"description\":\"<p>Description 2<\\/p>\\r\\n\",\"price_type\":\"default\",\"price\":\"0.00\",\"price_variations\":\"null\",\"price_display_type\":\"checkbox\",\"download_files\":null,\"image\":null,\"created_at\":null,\"updated_at\":\"2017-03-23 13:39:43\",\"status\":\"Active\",\"meta_tag_title\":\"\",\"meta_tag_description\":\"\",\"meta_tag_keywords\":\"\",\"user_created\":1,\"categories\":\"[\\\"2\\\"]\",\"demo_link\":\"\",\"download_limits\":0,\"download_notes\":\"\",\"is_featured\":\"no\",\"views_count\":3,\"licences\":null,\"licence_of_use\":null,\"technical_info\":null,\"product_format\":null}','2017-03-23 13:39:59','2017-03-23 13:39:59',1),(34,27,'6b3e45826e0597eefaed253f76d9041680f51432',18,'product-2','Product 2',NULL,0.00,'{\"id\":18,\"name\":\"Product 2\",\"slug\":\"product-2\",\"description\":\"<p>Description 2<\\/p>\\r\\n\",\"price_type\":\"default\",\"price\":\"0.00\",\"price_variations\":\"null\",\"price_display_type\":\"checkbox\",\"download_files\":null,\"image\":null,\"created_at\":null,\"updated_at\":\"2017-03-23 13:42:52\",\"status\":\"Active\",\"meta_tag_title\":\"\",\"meta_tag_description\":\"\",\"meta_tag_keywords\":\"\",\"user_created\":1,\"categories\":\"[\\\"2\\\"]\",\"demo_link\":\"\",\"download_limits\":0,\"download_notes\":\"\",\"is_featured\":\"no\",\"views_count\":4,\"licences\":null,\"licence_of_use\":null,\"technical_info\":null,\"product_format\":null}','2017-03-23 13:43:00','2017-03-23 13:54:40',1);

/*Table structure for table `payments_items_downloads` */

DROP TABLE IF EXISTS `payments_items_downloads`;

CREATE TABLE `payments_items_downloads` (
  `id` int(11) NOT NULL AUTO_INCREMENT,
  `slug` varchar(50) DEFAULT NULL,
  `payment_id` int(11) DEFAULT NULL,
  `ip_address` varchar(20) DEFAULT NULL,
  `browser_agent` varchar(512) DEFAULT NULL,
  `created_at` timestamp NOT NULL DEFAULT CURRENT_TIMESTAMP ON UPDATE CURRENT_TIMESTAMP,
  `updated_at` timestamp NOT NULL DEFAULT '0000-00-00 00:00:00',
  PRIMARY KEY (`id`)
) ENGINE=InnoDB AUTO_INCREMENT=3 DEFAULT CHARSET=latin1;

/*Data for the table `payments_items_downloads` */

insert  into `payments_items_downloads`(`id`,`slug`,`payment_id`,`ip_address`,`browser_agent`,`created_at`,`updated_at`) values (1,NULL,19,'::1','Mozilla/5.0 (Windows NT 6.1; WOW64) AppleWebKit/537.36 (KHTML, like Gecko) Chrome/56.0.2924.87 Safari/537.36','2017-03-17 13:54:36','2017-03-17 13:54:36'),(2,NULL,19,'::1','Mozilla/5.0 (Windows NT 6.1; WOW64; rv:52.0) Gecko/20100101 Firefox/52.0','2017-03-20 12:11:12','2017-03-20 12:11:12');

/*Table structure for table `permission_role` */

DROP TABLE IF EXISTS `permission_role`;

CREATE TABLE `permission_role` (
  `permission_id` int(10) unsigned NOT NULL,
  `role_id` int(10) unsigned NOT NULL,
  PRIMARY KEY (`permission_id`,`role_id`),
  KEY `permission_role_role_id_foreign` (`role_id`),
  CONSTRAINT `permission_role_permission_id_foreign` FOREIGN KEY (`permission_id`) REFERENCES `permissions` (`id`) ON DELETE CASCADE ON UPDATE CASCADE,
  CONSTRAINT `permission_role_role_id_foreign` FOREIGN KEY (`role_id`) REFERENCES `roles` (`id`) ON DELETE CASCADE ON UPDATE CASCADE
) ENGINE=InnoDB DEFAULT CHARSET=utf8 COLLATE=utf8_unicode_ci;

/*Data for the table `permission_role` */

/*Table structure for table `permissions` */

DROP TABLE IF EXISTS `permissions`;

CREATE TABLE `permissions` (
  `id` int(10) unsigned NOT NULL AUTO_INCREMENT,
  `name` varchar(255) COLLATE utf8_unicode_ci NOT NULL,
  `display_name` varchar(255) COLLATE utf8_unicode_ci DEFAULT NULL,
  `description` varchar(255) COLLATE utf8_unicode_ci DEFAULT NULL,
  `created_at` timestamp NULL DEFAULT NULL,
  `updated_at` timestamp NULL DEFAULT NULL,
  PRIMARY KEY (`id`),
  UNIQUE KEY `permissions_name_unique` (`name`)
) ENGINE=InnoDB DEFAULT CHARSET=utf8 COLLATE=utf8_unicode_ci;

/*Data for the table `permissions` */

/*Table structure for table `product_items_ratings` */

DROP TABLE IF EXISTS `product_items_ratings`;

CREATE TABLE `product_items_ratings` (
  `id` int(11) NOT NULL AUTO_INCREMENT,
  `payment_id` int(11) DEFAULT NULL,
  `item_id` int(11) DEFAULT NULL,
  `rating` int(11) DEFAULT NULL COMMENT 'Rating out of 5',
  `created_at` timestamp NOT NULL DEFAULT CURRENT_TIMESTAMP ON UPDATE CURRENT_TIMESTAMP,
  `updated_at` timestamp NOT NULL DEFAULT '0000-00-00 00:00:00',
  PRIMARY KEY (`id`)
) ENGINE=InnoDB DEFAULT CHARSET=latin1;

/*Data for the table `product_items_ratings` */

/*Table structure for table `products` */

DROP TABLE IF EXISTS `products`;

CREATE TABLE `products` (
  `id` int(10) unsigned NOT NULL AUTO_INCREMENT,
  `name` varchar(255) COLLATE utf8_unicode_ci NOT NULL,
  `slug` varchar(255) COLLATE utf8_unicode_ci NOT NULL,
  `description` text COLLATE utf8_unicode_ci NOT NULL,
  `price_type` enum('default','variable') COLLATE utf8_unicode_ci DEFAULT 'default',
  `price` decimal(10,2) NOT NULL,
  `price_variations` text COLLATE utf8_unicode_ci,
  `price_display_type` enum('checkbox','radio') COLLATE utf8_unicode_ci DEFAULT 'checkbox',
  `download_files` text COLLATE utf8_unicode_ci,
  `image` varchar(255) COLLATE utf8_unicode_ci DEFAULT NULL,
  `created_at` timestamp NULL DEFAULT NULL,
  `updated_at` timestamp NULL DEFAULT NULL,
  `status` enum('Active','Inactive') COLLATE utf8_unicode_ci DEFAULT 'Active',
  `meta_tag_title` varchar(256) COLLATE utf8_unicode_ci DEFAULT NULL,
  `meta_tag_description` text COLLATE utf8_unicode_ci,
  `meta_tag_keywords` text COLLATE utf8_unicode_ci,
  `user_created` int(11) unsigned DEFAULT NULL,
  `categories` text COLLATE utf8_unicode_ci,
  `demo_link` varchar(512) COLLATE utf8_unicode_ci DEFAULT NULL,
  `download_limits` int(11) DEFAULT NULL COMMENT '0 for unlimited',
  `download_notes` text COLLATE utf8_unicode_ci,
  `is_featured` enum('yes','no') COLLATE utf8_unicode_ci DEFAULT 'no',
  `views_count` int(11) DEFAULT '0',
  `licences` text COLLATE utf8_unicode_ci,
  `licence_of_use` text COLLATE utf8_unicode_ci,
  `technical_info` text COLLATE utf8_unicode_ci,
  `product_format` varchar(256) COLLATE utf8_unicode_ci DEFAULT NULL,
  PRIMARY KEY (`id`),
  UNIQUE KEY `products_name_unique` (`name`),
  UNIQUE KEY `products_slug_unique` (`slug`),
  UNIQUE KEY `products_image_unique` (`image`),
  KEY `fk_users_id` (`user_created`),
  CONSTRAINT `fk_users_id` FOREIGN KEY (`user_created`) REFERENCES `users` (`id`) ON DELETE CASCADE
) ENGINE=InnoDB AUTO_INCREMENT=33 DEFAULT CHARSET=utf8 COLLATE=utf8_unicode_ci;

/*Data for the table `products` */

insert  into `products`(`id`,`name`,`slug`,`description`,`price_type`,`price`,`price_variations`,`price_display_type`,`download_files`,`image`,`created_at`,`updated_at`,`status`,`meta_tag_title`,`meta_tag_description`,`meta_tag_keywords`,`user_created`,`categories`,`demo_link`,`download_limits`,`download_notes`,`is_featured`,`views_count`,`licences`,`licence_of_use`,`technical_info`,`product_format`) values (1,'gdfgdfgsdgsdf','gdfgdfgsdgsdf','<p>gdsfgfsgfsdgfsgsfdfsgd</p>\r\n','variable',4.00,'{\"1\":{\"index\":\"1\",\"name\":\"Red\",\"amount\":\"3\"},\"2\":{\"index\":\"2\",\"name\":\"Green\",\"amount\":\"4\",\"isdefault\":\"on\"},\"3\":{\"index\":\"3\",\"name\":\"Blue\",\"amount\":\"5\"}}','checkbox','[{\"index\":\"0\",\"name\":\"Hydrangeas.jpg\",\"type\":\"file\",\"file_name\":\"1_0.jpeg\",\"option\":\"All\"},{\"index\":\"1\",\"name\":\"Tulips.jpg\",\"type\":\"file\",\"file_name\":\"{\",\"option\":\"All\"},{\"index\":\"2\",\"name\":\"Lighthouse.jpg\",\"type\":\"file\",\"file_name\":\"\\\"\",\"option\":\"All\"}]','1.jpeg','2017-03-06 05:54:18','2017-03-23 13:57:02','Active','','','',1,'[\"4\",\"5\",\"8\"]','',0,'','no',7,NULL,NULL,NULL,NULL),(16,'product name','product-name','<p>KINGMA THEME DETAILS</p>\r\n\r\n<p>KingMa is a powerful and original responsive &amp; parallax WordPress theme. Elegant Execution of this theme is achieved by the great combination of Classy Style with Refinement. Perfect to promote your work or your business. An eye for a detail makes its design perfect to meet needs of creative people, digital agencies and services.</p>\r\n\r\n<p>This theme is Empowered by the Latest Advancements in HTML5 &amp; CSS3 Animations to provide you with first class User Experience. It also comes with a Working Ajax Contact Form.</p>\r\n\r\n<p>This theme is designed in a Clean and Minimalistic Style. It is Fully responsive, Very Flexible, Easy for Customizing and Well Documented.</p>\r\n\r\n<p><img alt=\"\" src=\"http://localhost/digi-downloads/public/product-details/images/kingmadetails.png\" /></p>\r\n\r\n<p>MAIN FEATURE OF THIS THEME</p>\r\n\r\n<hr />\r\n<ul>\r\n	<li>12 Stunning Demos</li>\r\n	<li>One Page Theme , also can be used in normal.</li>\r\n	<li>Fully Responsive and Optimized for small screen device (iphone,ipad)</li>\r\n	<li>Fullscreen and Boxed Layout</li>\r\n	<li>Team Carousal Slider</li>\r\n	<li>Sticky Header</li>\r\n	<li>Revolution Slider ($19 saved)</li>\r\n	<li>Visual Composer ($34 saved)</li>\r\n	<li>Smooth and Stunning Parallax</li>\r\n	<li>Powerful Admin Panel and Very Customizable and Many Options</li>\r\n	<li>5 Header and Menu Style</li>\r\n	<li>3 Footer Style</li>\r\n	<li>Swipe Slider(Touch Friendly)</li>\r\n	<li>Video slider</li>\r\n	<li>Video Parallax</li>\r\n</ul>\r\n','default',50.00,'{\"1\":{\"index\":\"1\",\"name\":\"\",\"amount\":\"\"}}','checkbox','[{\"index\":\"0\",\"name\":\"Penguins.jpg\",\"type\":\"file\",\"file_name\":\"[\",\"option\":\"All\"}]','16.jpeg','2017-03-07 05:33:01','2017-03-23 13:42:40','Active','Meta tag title from admin','<p>Meta Description From admin</p>\r\n','<p>PHP, wordpress, Hello, rrrrrr</p>\r\n',1,'[\"4\",\"31\",\"6\"]','https://www.youtube.com/',0,'<p>Download and install</p>\r\n','no',104,'[\"1\",\"3\"]','<p>You can use it for personal or commercial projects. You can&#39;t resell it partially or in this form. It is from author</p>\r\n','<ul>\r\n	<li>Chrome, Safari , Firefox, IE9+, IOS and Android</li>\r\n	<li>Woo-Commerce Integrated</li>\r\n	<li>WordPress 4.0+</li>\r\n	<li>Responsive Layout</li>\r\n	<li>4+ Columns</li>\r\n	<li>Bootstrap 3.X</li>\r\n	<li>High Resolution</li>\r\n</ul>\r\n',NULL),(17,'Product 1','product-1','<p>Description 1</p>\r\n','default',2.00,'null','checkbox',NULL,'17.jpeg',NULL,'2017-03-23 09:01:52','Active','','','',1,'[\"4\",\"8\"]','',0,'','no',5,NULL,NULL,NULL,NULL),(18,'Product 2','product-2','<p>Description 2</p>\r\n','default',0.00,'null','checkbox',NULL,NULL,NULL,'2017-03-23 13:42:52','Active','','','',1,'[\"2\"]','',0,'','no',4,NULL,NULL,NULL,NULL),(19,'Product 3','product-3','Description 3','default',5.00,NULL,'checkbox',NULL,NULL,NULL,'2017-03-20 09:25:27','Active',NULL,NULL,NULL,1,'[\"2\",\"6\"]',NULL,0,NULL,'no',1,NULL,NULL,NULL,NULL),(20,'Product 4','product-4','Description 4','default',69.00,NULL,'checkbox',NULL,NULL,NULL,'2017-03-22 06:45:16','Active',NULL,NULL,NULL,1,'[\"1\"]',NULL,5,NULL,'no',3,NULL,NULL,NULL,NULL),(21,'Product 5','product-5','<p>Description 5</p>\r\n','default',78.00,'null','checkbox',NULL,'21.jpeg',NULL,'2017-03-10 10:17:13','Active','','','',1,'[\"4\",\"6\"]','https://github.com/Crinsane/LaravelShoppingcart',0,'','no',0,NULL,NULL,NULL,NULL),(22,'Product 6','product-6','Description 6','default',25.00,NULL,'checkbox',NULL,NULL,NULL,NULL,'Active',NULL,NULL,NULL,1,'[\"1\",\"5\"]',NULL,0,NULL,'no',0,NULL,NULL,NULL,NULL),(23,'Product 7','product-7','Description 7','default',63.00,NULL,'checkbox',NULL,NULL,NULL,NULL,'Active',NULL,NULL,NULL,1,'[\"1\"]',NULL,6,NULL,'no',0,NULL,NULL,NULL,NULL),(24,'Product 8','product-8','Description 8','default',56.00,NULL,'checkbox',NULL,NULL,NULL,NULL,'Active',NULL,NULL,NULL,1,'[\"9\"]',NULL,0,NULL,'no',0,NULL,NULL,NULL,NULL),(25,'Product 9','product-9','Description 9','default',96.00,NULL,'checkbox',NULL,NULL,NULL,NULL,'Active',NULL,NULL,NULL,1,'[\"5\"]',NULL,0,NULL,'no',0,NULL,NULL,NULL,NULL),(26,'Product 10','product-10','Description 10','default',265.00,NULL,'checkbox',NULL,NULL,NULL,NULL,'Active',NULL,NULL,NULL,1,'[\"6\"]',NULL,0,NULL,'no',0,NULL,NULL,NULL,NULL),(29,'Adi Product','adi-product','<p>dsdDadASd</p>\r\n','default',2.00,'{\"1\":{\"index\":\"1\",\"name\":\"\",\"amount\":\"\"}}','checkbox','{\"1\":{\"index\":\"0\",\"name\":\"Koala.jpg\",\"type\":\"file\",\"file_name\":\"\\\"\",\"option\":\"All\"}}',NULL,'2017-03-21 06:47:37','2017-03-23 06:37:34','Active','Meta tag title from admin','<p>fdas fafafsdfdas</p>\r\n','<p>wordpress, php, javascript</p>\r\n',1,'[\"3\",\"4\"]','',0,'<p>Download notes from AUthor</p>\r\n','no',5,'[\"1\",\"3\"]','<p>Licence of use from author</p>\r\n','<p>technical info from author</p>\r\n',NULL),(30,'Test Product','test-product','<p>Test Description</p>\r\n','default',93.00,'{\"1\":{\"index\":\"1\",\"name\":\"\",\"amount\":\"\"}}','checkbox','{\"1\":{\"index\":\"0\",\"name\":\"\",\"type\":\"file\",\"file_name\":\"\\\"\",\"option\":\"All\"}}',NULL,'2017-03-22 04:20:37','2017-03-24 05:37:10','Active','','','',1,'[\"3\",\"4\",\"6\",\"9\",\"24\"]','www.strutor.com',0,'<p>Test Notes</p>\r\n','yes',1,NULL,NULL,NULL,NULL),(32,'ffffffffffffffffff','ffffffffffffffffff','<p>ffdafasfafdafdafda</p>\r\n','default',3.00,'{\"1\":{\"index\":\"1\",\"name\":\"\",\"amount\":\"\"}}','checkbox','{\"1\":{\"index\":\"0\",\"name\":\"\",\"type\":\"file\",\"file_name\":\"\\\"\",\"option\":\"All\"}}',NULL,'2017-03-22 07:39:34','2017-03-24 09:55:37','Active','','','',86,'[\"3\",\"29\"]','',0,'','no',1,NULL,NULL,NULL,NULL);

/*Table structure for table `products_categories` */

DROP TABLE IF EXISTS `products_categories`;

CREATE TABLE `products_categories` (
  `product_id` int(11) unsigned DEFAULT NULL,
  `category_id` int(11) unsigned DEFAULT NULL,
  KEY `fk_product_id` (`product_id`),
  KEY `fk_category_id` (`category_id`),
  CONSTRAINT `fk_category_id` FOREIGN KEY (`category_id`) REFERENCES `categories` (`id`) ON DELETE CASCADE,
  CONSTRAINT `fk_product_id` FOREIGN KEY (`product_id`) REFERENCES `products` (`id`) ON DELETE CASCADE
) ENGINE=InnoDB DEFAULT CHARSET=latin1;

/*Data for the table `products_categories` */

insert  into `products_categories`(`product_id`,`category_id`) values (17,4),(17,8),(21,4),(21,6),(18,2),(1,4),(1,5),(1,8),(30,3),(30,4),(30,6),(30,9),(30,24),(32,3),(32,29),(29,3),(29,4),(16,4),(16,31),(16,6);

/*Table structure for table `role_user` */

DROP TABLE IF EXISTS `role_user`;

CREATE TABLE `role_user` (
  `user_id` int(10) unsigned NOT NULL,
  `role_id` int(10) unsigned NOT NULL,
  PRIMARY KEY (`user_id`,`role_id`),
  KEY `role_user_role_id_foreign` (`role_id`),
  CONSTRAINT `role_user_role_id_foreign` FOREIGN KEY (`role_id`) REFERENCES `roles` (`id`) ON DELETE CASCADE ON UPDATE CASCADE,
  CONSTRAINT `role_user_user_id_foreign` FOREIGN KEY (`user_id`) REFERENCES `users` (`id`) ON DELETE CASCADE ON UPDATE CASCADE
) ENGINE=InnoDB DEFAULT CHARSET=utf8 COLLATE=utf8_unicode_ci;

/*Data for the table `role_user` */

insert  into `role_user`(`user_id`,`role_id`) values (1,1),(7,1),(64,1),(69,1),(87,1),(4,2),(9,2),(10,2),(65,2),(2,3),(5,3),(6,3),(8,3),(13,3),(70,3),(67,4),(72,4),(86,4),(66,5),(68,5),(71,5),(73,5),(83,5),(85,5);

/*Table structure for table `roles` */

DROP TABLE IF EXISTS `roles`;

CREATE TABLE `roles` (
  `id` int(10) unsigned NOT NULL AUTO_INCREMENT,
  `name` varchar(255) COLLATE utf8_unicode_ci NOT NULL,
  `display_name` varchar(255) COLLATE utf8_unicode_ci DEFAULT NULL,
  `description` varchar(255) COLLATE utf8_unicode_ci DEFAULT NULL,
  `created_at` timestamp NULL DEFAULT NULL,
  `updated_at` timestamp NULL DEFAULT NULL,
  PRIMARY KEY (`id`),
  UNIQUE KEY `roles_name_unique` (`name`)
) ENGINE=InnoDB AUTO_INCREMENT=6 DEFAULT CHARSET=utf8 COLLATE=utf8_unicode_ci;

/*Data for the table `roles` */

insert  into `roles`(`id`,`name`,`display_name`,`description`,`created_at`,`updated_at`) values (1,'owner','Owner','Owner role','2017-01-24 01:33:44','2017-01-24 01:33:44'),(2,'admin','Admin','Administrator','2017-01-25 17:20:42','2017-01-25 17:22:01'),(3,'executive','Executive',NULL,'2017-01-25 17:22:52','2017-01-25 17:22:52'),(4,'vendor','Vendor',NULL,'2017-01-25 23:31:57','2017-01-25 23:31:57'),(5,'user','User',NULL,'2017-01-25 23:31:57','2017-01-25 23:31:57');

/*Table structure for table `settings` */

DROP TABLE IF EXISTS `settings`;

CREATE TABLE `settings` (
  `id` int(10) unsigned NOT NULL AUTO_INCREMENT,
  `title` varchar(255) COLLATE utf8_unicode_ci NOT NULL,
  `key` varchar(255) COLLATE utf8_unicode_ci DEFAULT NULL,
  `slug` varchar(255) COLLATE utf8_unicode_ci DEFAULT NULL,
  `image` varchar(50) COLLATE utf8_unicode_ci DEFAULT NULL,
  `settings_data` text COLLATE utf8_unicode_ci,
  `description` text COLLATE utf8_unicode_ci NOT NULL,
  `created_at` timestamp NULL DEFAULT NULL,
  `updated_at` timestamp NULL DEFAULT NULL,
  `parent_id` int(11) DEFAULT '0',
  `status` enum('active','inactive') COLLATE utf8_unicode_ci DEFAULT 'active',
  PRIMARY KEY (`id`),
  UNIQUE KEY `settings_key_unique` (`key`),
  UNIQUE KEY `settings_slug_unique` (`slug`)
) ENGINE=InnoDB AUTO_INCREMENT=15 DEFAULT CHARSET=utf8 COLLATE=utf8_unicode_ci;

/*Data for the table `settings` */

insert  into `settings`(`id`,`title`,`key`,`slug`,`image`,`settings_data`,`description`,`created_at`,`updated_at`,`parent_id`,`status`) values (1,'Email Settings','email_settings','email-settings',NULL,'{\"mail_driver\":{\"value\":\"smtp\",\"type\":\"select\",\"extra\":{\"total_options\":\"8\",\"options\":{\"smtp\":\"SMTP\",\"mail\":\"Mail\",\"sparkpost\":\"Sparkpost\",\"sendmail\":\"Sendmail\",\"mailgun\":\"Mailgun\",\"mandrill\":\"Mandrill\",\"ses\":\"SES\",\"log\":\"Log\"}},\"tool_tip\":\"Driver\"},\"mail_host\":{\"value\":\"mail.conquerorslabs.com\",\"type\":\"text\",\"extra\":{\"total_options\":\"8\",\"options\":{\"smtp\":\"SMTP\",\"mail\":\"Mail\",\"sparkpost\":\"Sparkpost\",\"sendmail\":\"Sendmail\",\"mailgun\":\"Mailgun\",\"mandrill\":\"Mandrill\",\"ses\":\"SES\",\"log\":\"Log\"}},\"tool_tip\":\"Mail Host\"},\"mail_port\":{\"value\":\"2525\",\"type\":\"text\",\"extra\":{\"total_options\":\"8\",\"options\":{\"smtp\":\"SMTP\",\"mail\":\"Mail\",\"sparkpost\":\"Sparkpost\",\"sendmail\":\"Sendmail\",\"mailgun\":\"Mailgun\",\"mandrill\":\"Mandrill\",\"ses\":\"SES\",\"log\":\"Log\"}},\"tool_tip\":\"Mail Port no\"},\"mail_username\":{\"value\":\"academia@conquerorslabs.com\",\"type\":\"text\",\"extra\":{\"total_options\":\"8\",\"options\":{\"smtp\":\"SMTP\",\"mail\":\"Mail\",\"sparkpost\":\"Sparkpost\",\"sendmail\":\"Sendmail\",\"mailgun\":\"Mailgun\",\"mandrill\":\"Mandrill\",\"ses\":\"SES\",\"log\":\"Log\"}},\"tool_tip\":\"Mail Username\"},\"mail_password\":{\"value\":\"admin!@#\",\"type\":\"password\",\"extra\":{\"total_options\":\"8\",\"options\":{\"smtp\":\"SMTP\",\"mail\":\"Mail\",\"sparkpost\":\"Sparkpost\",\"sendmail\":\"Sendmail\",\"mailgun\":\"Mailgun\",\"mandrill\":\"Mandrill\",\"ses\":\"SES\",\"log\":\"Log\"}},\"tool_tip\":\"Password\"},\"mail_encryption\":{\"value\":\"null\",\"type\":\"text\",\"extra\":{\"total_options\":\"8\",\"options\":{\"smtp\":\"SMTP\",\"mail\":\"Mail\",\"sparkpost\":\"Sparkpost\",\"sendmail\":\"Sendmail\",\"mailgun\":\"Mailgun\",\"mandrill\":\"Mandrill\",\"ses\":\"SES\",\"log\":\"Log\"}},\"tool_tip\":\"Mail Encryption\"},\"mailchimp_apikey\":{\"value\":\"2d170d64780e8beebb2fb2351cf0981a-us2\",\"type\":\"text\",\"extra\":{\"total_options\":\"8\",\"options\":{\"smtp\":\"SMTP\",\"mail\":\"Mail\",\"sparkpost\":\"Sparkpost\",\"sendmail\":\"Sendmail\",\"mailgun\":\"Mailgun\",\"mandrill\":\"Mandrill\",\"ses\":\"SES\",\"log\":\"Log\"}},\"tool_tip\":\"mailchimp_apikey\"},\"mailchimp_list_id\":{\"value\":\"9d241c177b\",\"type\":\"text\",\"extra\":{\"total_options\":\"8\",\"options\":{\"smtp\":\"SMTP\",\"mail\":\"Mail\",\"sparkpost\":\"Sparkpost\",\"sendmail\":\"Sendmail\",\"mailgun\":\"Mailgun\",\"mandrill\":\"Mandrill\",\"ses\":\"SES\",\"log\":\"Log\"}},\"tool_tip\":\"mailchimp_list_id\"}}','Contains all the settings related to emails','2016-08-29 05:25:26','2017-03-24 13:05:54',0,'active'),(4,'Paypal Settings','paypal','paypal','Zw7qp7b7lc2yCvM.png','{\"email\":{\"type\":\"email\",\"value\":\"adiyya@gmail.com\",\"extra\":\"\",\"tool_tip\":\"Paypal Email\"},\"currency\":{\"type\":\"text\",\"value\":\"USD\",\"extra\":\"\",\"tool_tip\":\"Default Currency\"},\"image\":{\"type\":\"file\",\"value\":\"mgR1a8jaDn6Sl9n.png\",\"extra\":\"\",\"tool_tip\":\"Image to display at Paypal payment gateway\"},\"account_type\":{\"type\":\"select\",\"value\":\"sandbox\",\"extra\":{\"total_options\":\"2\",\"options\":{\"sandbox\":\"Sandbox\",\"live\":\"Live\"}},\"tool_tip\":\"Account Type Development (sandbox)\\/ Production (live)\"},\"status\":{\"type\":\"select\",\"value\":\"active\",\"extra\":{\"total_options\":\"2\",\"options\":{\"active\":\"Active\",\"inactive\":\"In-Active\"}},\"tool_tip\":\"Paypal Status\"}}','Contains paypal config details','2016-09-08 09:08:30','2017-03-13 09:01:34',8,'active'),(5,'PayU Settings','payu','payu',NULL,'{\"payu_merchant_key\":{\"value\":\"do3vAdBt\",\"type\":\"text\",\"extra\":\"\",\"tool_tip\":\"PayU Merchent Key\"},\"payu_salt\":{\"value\":\"O0nqoiMiY7\",\"type\":\"text\",\"extra\":\"\",\"tool_tip\":\"PayU Salt\"},\"payu_working_key\":{\"value\":\"4941163\",\"type\":\"text\",\"extra\":\"\",\"tool_tip\":\"PayU Working Key\"},\"payu_testmode\":{\"value\":\"true\",\"type\":\"select\",\"extra\":{\"total_options\":\"2\",\"options\":{\"true\":\"Yes\",\"false\":\"No\"}},\"tool_tip\":\"Set PayU in Test Mode\"},\"status\":{\"type\":\"select\",\"value\":\"active\",\"extra\":{\"total_options\":\"2\",\"options\":{\"active\":\"Active\",\"inactive\":\"In-Active\"}},\"tool_tip\":\"Payu Status\"}}','Payu Settings','2016-09-09 06:55:33','2017-03-13 09:02:42',8,'active'),(6,'Site Settings','site_settings','site-settings',NULL,'{\"site_title\":{\"value\":\"Digisamaritan Downloads\",\"type\":\"text\",\"extra\":\"\",\"tool_tip\":\"Site Title\"},\"site_logo\":{\"value\":\"15NlaXxeIPQoKnc.png\",\"type\":\"file\",\"extra\":\"\",\"tool_tip\":\"Site Logo\"},\"site_address\":{\"value\":\"8929 Fremont Court \\r\\nMchenry, \\r\\nIL 60050\",\"type\":\"textarea\",\"extra\":\"\",\"tool_tip\":\"Address\"},\"site_city\":{\"value\":\"Hyderabad\",\"type\":\"text\",\"extra\":\"\",\"tool_tip\":\"City\"},\"site_favicon\":{\"value\":\"sMwWcmelrXmWOrF.png\",\"type\":\"file\",\"extra\":\"\",\"tool_tip\":\"Favicon\"},\"site_state\":{\"value\":\"Telangana\",\"type\":\"text\",\"extra\":\"\",\"tool_tip\":\"State\"},\"site_country\":{\"value\":\"U.S\",\"type\":\"text\",\"extra\":\"\",\"tool_tip\":\"Country\"},\"site_zipcode\":{\"value\":\"500018\",\"type\":\"text\",\"extra\":\"\",\"tool_tip\":\"Postal Code\"},\"site_phone\":{\"value\":\"9030046673\",\"type\":\"text\",\"extra\":\"\",\"tool_tip\":\"Phone\"},\"system_timezone\":{\"value\":\"Asia\\/Kolkata\",\"type\":\"text\",\"extra\":\"\",\"tool_tip\":\"Refer http:\\/\\/php.net\\/manual\\/en\\/timezones.php\"},\"background_image\":{\"value\":\"vykf6E6o4rACFxU.jpg\",\"type\":\"file\",\"extra\":\"\",\"tool_tip\":\"Front background image\"},\"default_academic_year_id\":{\"value\":\"1\",\"type\":\"number\",\"extra\":\"\",\"tool_tip\":\"Enter default academic year\"},\"default_parent_course_id\":{\"value\":\"1\",\"type\":\"number\",\"extra\":\"\",\"tool_tip\":\"Enter default parent course ID\"},\"current_theme\":{\"value\":\"default\",\"type\":\"select\",\"extra\":{\"total_options\":\"3\",\"options\":{\"default\":\"Default Theme\",\"red\":\"Red Theme\",\"green\":\"Green Theme\"}},\"tool_tip\":\"Select theme\"},\"currency_code\":{\"value\":\"$\",\"type\":\"text\",\"extra\":{\"total_options\":\"3\",\"options\":{\"default\":\"Default Theme\",\"red\":\"Red Theme\",\"green\":\"Green Theme\"}},\"tool_tip\":\"Add your currency code\"},\"terms_and_conditions\":{\"value\":\" \",\"type\":\"text\",\"extra\":{\"total_options\":\"3\",\"options\":{\"default\":\"Default Theme\",\"red\":\"Red Theme\",\"green\":\"Green Theme\"}},\"tool_tip\":\"terms_and_conditions\"},\"privacy_policy\":{\"value\":\"0\",\"type\":\"text\",\"extra\":{\"total_options\":\"3\",\"options\":{\"default\":\"Default Theme\",\"red\":\"Red Theme\",\"green\":\"Green Theme\"}},\"tool_tip\":\"privacy_policy\"},\"date_format\":{\"value\":\"d M, Y\",\"type\":\"text\",\"extra\":{\"total_options\":\"3\",\"options\":{\"default\":\"Default Theme\",\"red\":\"Red Theme\",\"green\":\"Green Theme\"}},\"tool_tip\":\"Date format. Please refer PHP date manual (http:\\/\\/php.net\\/manual\\/en\\/function.date.php)\"}}','Here you can manage the title, logo, favicon and all general settings','2016-09-29 12:16:54','2017-03-23 05:06:40',0,'active'),(7,'Seo Settings','seo_settings','seo-settings-1',NULL,'{\"meta_description\":{\"type\":\"textarea\",\"value\":\"This is a online examination system\",\"extra\":\"\",\"tool_tip\":\"Site Meta Description\"},\"meta_keywords\":{\"type\":\"textarea\",\"value\":\"Exam system|exam|exams\",\"extra\":\"\",\"tool_tip\":\"Site Meta Keywords\"},\"google_analytics\":{\"type\":\"textarea\",\"value\":\"<!-- Google Analytics -->\\r\\n<script>\\r\\n(function(i,s,o,g,r,a,m){i[\'GoogleAnalyticsObject\']=r;i[r]=i[r]||function(){\\r\\n(i[r].q=i[r].q||[]).push(arguments)},i[r].l=1*new Date();a=s.createElement(o),\\r\\nm=s.getElementsByTagName(o)[0];a.async=1;a.src=g;m.parentNode.insertBefore(a,m)\\r\\n})(window,document,\'script\',\'https:\\/\\/www.google-analytics.com\\/analytics.js\',\'ga\');\\r\\n\\r\\nga(\'create\', \'UA-XXXXX-Y\', \'auto\');\\r\\nga(\'send\', \'pageview\');\\r\\n<\\/script>\\r\\n<!-- End Google Analytics -->\",\"extra\":\"\",\"tool_tip\":\"Update your google analytics code\"}}','Contains all SEO settings','2016-09-30 19:03:46','2016-10-31 13:12:45',0,'active'),(8,'Payment Gateways','payment_gateways','payment-gateways',NULL,'{\"offline_payment_information\":{\"value\":\"1) Pay the amount through DD\\/Check\\/Deposit in favor of Admin, Academia, India <br\\/>\\r\\n2) Update the Payment information in the below box <br\\/>\\r\\n3) Admin will validate the payment details and update your subscription <br\\/>\",\"type\":\"textarea\",\"extra\":{\"total_options\":\"2\",\"options\":{\"enable\":\"Enable\",\"disable\":\"Disable\"}},\"tool_tip\":\"Information related to offline payment\"}}','Contains all list of payment gateways in the system and the status of availability ','2016-10-02 15:18:19','2016-10-20 12:37:53',0,'active'),(12,'Social Logins','social_logins','social-logins',NULL,'{\"facebook_client_id\":{\"value\":\"649337055234832\",\"type\":\"text\",\"extra\":\"\",\"tool_tip\":\"Facebook Client ID\"},\"facebook_client_secret\":{\"value\":\"5a67e2912d64971af65c4c05b0c6b2ae\",\"type\":\"text\",\"extra\":\"\",\"tool_tip\":\"Facebook Client Secret\"},\"facebook_redirect_url\":{\"value\":\"http:\\/\\/conquerorslabs.com\\/exam2\\/auth\\/facebook\\/callback\",\"type\":\"text\",\"extra\":\"\",\"tool_tip\":\"It should be http (or) https:\\/\\/yourservername\\/auth\\/google\\/callback\"},\"google_client_id\":{\"value\":\"881078848150-i20jdtp5g3pg9i2p4tgts4ao5i1ja6cv.apps.googleusercontent.com\",\"type\":\"text\",\"extra\":\"\",\"tool_tip\":\"Google Plus Client ID\"},\"Google_client_secret\":{\"value\":\"ndH8wRWVaB6Mv6pICFRPIhJr\",\"type\":\"text\",\"extra\":\"\",\"tool_tip\":\"Google Client Secret Key\"},\"google_redirect_url\":{\"value\":\"http:\\/\\/conquerorslabs.com\\/exam2\\/auth\\/google\\/callback\",\"type\":\"text\",\"extra\":\"\",\"tool_tip\":\"http (or) https:\\/\\/yourserver.com\\/auth\\/google\\/callback\"}}','Add/Update Settings for Social Logins (Facebook and Google plus)','2016-10-28 16:26:37','2016-10-28 11:42:05',0,'active'),(13,'Cart Settings','cart-settings','cart-settings',NULL,'{\"enable_taxes\":{\"value\":\"yes\",\"type\":\"select\",\"extra\":{\"total_options\":\"2\",\"options\":{\"yes\":\"Yes\",\"no\":\"No\"}},\"tool_tip\":\"Enable Taxes\"},\"tax_rate_type\":{\"value\":\"percent\",\"type\":\"select\",\"extra\":{\"total_options\":\"2\",\"options\":{\"value\":\"Value\",\"percent\":\"Percent\"}},\"tool_tip\":\"Tax Rate Type\"},\"tax_rate\":{\"value\":\"1\",\"type\":\"number\",\"extra\":{\"total_options\":\"2\",\"options\":{\"value\":\"Value\",\"percent\":\"Percent\"}},\"tool_tip\":\"Tax Rate\"},\"prices_entered_with_tax\":{\"value\":\"no\",\"type\":\"select\",\"extra\":{\"total_options\":\"2\",\"options\":{\"yes\":\"Yes\",\"no\":\"No\"}},\"tool_tip\":\"Prices entered with tax\"},\"display_tax_rate_on_prices\":{\"value\":\"no\",\"type\":\"select\",\"extra\":{\"total_options\":\"2\",\"options\":{\"yes\":\"Yes\",\"no\":\"No\"}},\"tool_tip\":\"Display Tax Rate on Prices\"},\"display_during_checkout\":{\"value\":\"yes\",\"type\":\"select\",\"extra\":{\"total_options\":\"2\",\"options\":{\"yes\":\"Yes\",\"no\":\"No\"}},\"tool_tip\":\"Display during checkout\"},\"currency_symbol\":{\"value\":\"$\",\"type\":\"text\",\"extra\":{\"total_options\":\"2\",\"options\":{\"yes\":\"Yes\",\"no\":\"No\"}},\"tool_tip\":\"Currency Symbol\"},\"currency_code\":{\"value\":\"USD\",\"type\":\"text\",\"extra\":{\"total_options\":\"2\",\"options\":{\"yes\":\"Yes\",\"no\":\"No\"}},\"tool_tip\":\"Currency Code\"},\"currency_position\":{\"value\":\"beforewithspace\",\"type\":\"select\",\"extra\":{\"total_options\":\"4\",\"options\":{\"before\":\"Before ($20)\",\"beforewithspace\":\"Before with space ($ 20)\",\"after\":\"After (20$)\",\"afterwithspace\":\"After with space (20 $)\"}},\"tool_tip\":\"Currency Position\"},\"display_currency\":{\"value\":\"symbol\",\"type\":\"select\",\"extra\":{\"total_options\":\"2\",\"options\":{\"code\":\"Code\",\"symbol\":\"Symbol\"}},\"tool_tip\":\"Display Currency\"}}','','2017-03-10 10:22:19','2017-03-10 12:12:45',0,'active'),(14,'Offline Payment','offline_payment','offline-payment',NULL,'{\"offline_payment_information\":{\"type\":\"textarea\",\"value\":\"1) Pay the amount through DD\\\\\\/CHECK\\\\\\/Deposit IN favor of Admin, Academia, India\\r\\n2) UPDATE the Payment information IN the below box\\r\\n3) Admin will validate the payment details AND UPDATE your subscription\",\"extra\":\"\",\"tool_tip\":\"offline_payment_information\"},\"status\":{\"type\":\"select\",\"value\":\"active\",\"extra\":{\"total_options\":\"2\",\"options\":{\"active\":\"Active\",\"inactive\":\"In-Active\"}},\"tool_tip\":\"Offline Payment Status\"}}','1) Pay the amount through DD\\/CHECK\\/Deposit IN favor of Admin, Academia, India\r\n2) UPDATE the Payment information IN the below box\r\n3) Admin will validate the payment details AND UPDATE your subscription','2017-03-13 08:55:58','2017-03-13 09:03:56',8,'active');

/*Table structure for table `shoppingcart` */

DROP TABLE IF EXISTS `shoppingcart`;

CREATE TABLE `shoppingcart` (
  `identifier` varchar(255) COLLATE utf8_unicode_ci NOT NULL,
  `instance` varchar(255) COLLATE utf8_unicode_ci NOT NULL,
  `content` longtext COLLATE utf8_unicode_ci NOT NULL,
  `created_at` timestamp NULL DEFAULT NULL,
  `updated_at` timestamp NULL DEFAULT NULL,
  PRIMARY KEY (`identifier`,`instance`)
) ENGINE=InnoDB DEFAULT CHARSET=utf8 COLLATE=utf8_unicode_ci;

/*Data for the table `shoppingcart` */

/*Table structure for table `templates` */

DROP TABLE IF EXISTS `templates`;

CREATE TABLE `templates` (
  `id` int(10) unsigned NOT NULL AUTO_INCREMENT,
  `title` varchar(255) COLLATE utf8_unicode_ci NOT NULL,
  `slug` varchar(255) COLLATE utf8_unicode_ci NOT NULL,
  `type` enum('header','footer','content') COLLATE utf8_unicode_ci NOT NULL DEFAULT 'content',
  `subject` varchar(255) COLLATE utf8_unicode_ci NOT NULL,
  `content` text COLLATE utf8_unicode_ci NOT NULL,
  `from_email` varchar(50) COLLATE utf8_unicode_ci DEFAULT NULL,
  `from_name` varchar(50) COLLATE utf8_unicode_ci DEFAULT NULL,
  `record_updated_by` int(50) NOT NULL,
  `created_at` timestamp NULL DEFAULT NULL,
  `updated_at` timestamp NULL DEFAULT NULL,
  `template_type` enum('email','sms') COLLATE utf8_unicode_ci DEFAULT 'email',
  PRIMARY KEY (`id`)
) ENGINE=InnoDB AUTO_INCREMENT=9 DEFAULT CHARSET=utf8 COLLATE=utf8_unicode_ci;

/*Data for the table `templates` */

insert  into `templates`(`id`,`title`,`slug`,`type`,`subject`,`content`,`from_email`,`from_name`,`record_updated_by`,`created_at`,`updated_at`,`template_type`) values (1,'header','header','content','header','<p>Email</p>\r\n<!-- Start of preheader -->\r\n\r\n<table border=\"0\" cellpadding=\"0\" cellspacing=\"0\" style=\"width:100%\">\r\n	<tbody>\r\n		<tr>\r\n			<td>\r\n			<table align=\"center\" border=\"0\" cellpadding=\"0\" cellspacing=\"0\" style=\"width:580px\">\r\n				<tbody><!-- Spacing -->\r\n					<tr>\r\n						<td>&nbsp;</td>\r\n					</tr>\r\n					<!-- Spacing -->\r\n					<tr>\r\n						<td>If you cannot read this email, please <a href=\"#\"> click here </a></td>\r\n					</tr>\r\n					<!-- Spacing -->\r\n					<tr>\r\n						<td>&nbsp;</td>\r\n					</tr>\r\n					<!-- Spacing -->\r\n				</tbody>\r\n			</table>\r\n			</td>\r\n		</tr>\r\n	</tbody>\r\n</table>\r\n<!-- End of preheader --><!-- start of header -->\r\n\r\n<table border=\"0\" cellpadding=\"0\" cellspacing=\"0\" style=\"width:100%\">\r\n	<tbody>\r\n		<tr>\r\n			<td>\r\n			<table align=\"center\" border=\"0\" cellpadding=\"0\" cellspacing=\"0\" style=\"width:580px\">\r\n				<tbody>\r\n					<tr>\r\n						<td><!-- logo -->\r\n						<table align=\"left\" border=\"0\" cellpadding=\"0\" cellspacing=\"0\" style=\"width:280px\">\r\n							<tbody>\r\n								<tr>\r\n									<td>\r\n									<p><a href=\"#\"><img alt=\"logo\" src=\"http://conquerorslabs.com/menorah-college/uploads/settings/m6D8hKadoPCe1e0.png\" style=\"height:57px; width:180px\" /> </a></p>\r\n									</td>\r\n								</tr>\r\n							</tbody>\r\n						</table>\r\n						<!-- End of logo --><!-- menu -->\r\n\r\n						<table align=\"right\" border=\"0\" cellpadding=\"0\" cellspacing=\"0\" style=\"width:280px\">\r\n							<tbody>\r\n								<tr>\r\n									<td><a href=\"#\">HOME </a> | <a href=\"#\"> ABOUT </a> | <a href=\"#\"> SHOP </a></td>\r\n									<td>&nbsp;</td>\r\n								</tr>\r\n							</tbody>\r\n						</table>\r\n						<!-- End of Menu --></td>\r\n					</tr>\r\n				</tbody>\r\n			</table>\r\n			</td>\r\n		</tr>\r\n	</tbody>\r\n</table>\r\n<!-- end of header -->','no@noemail.com','Test',1788,'2016-07-19 06:23:14','2017-02-09 21:03:54','email'),(2,'footer','footer','footer','footer','<div class=\"block\">\r\n    <!-- Start of preheader -->\r\n    <table bgcolor=\"#f6f4f5\" border=\"0\" cellpadding=\"0\" cellspacing=\"0\" id=\"backgroundTable\" st-sortable=\"postfooter\" width=\"100%\">\r\n        <tbody>\r\n            <tr>\r\n                <td width=\"100%\">\r\n                    <table align=\"center\" border=\"0\" cellpadding=\"0\" cellspacing=\"0\" class=\"devicewidth\" width=\"580\">\r\n                        <tbody>\r\n                            <!-- Spacing -->\r\n                            <tr>\r\n                                <td height=\"5\" width=\"100%\">\r\n                                </td>\r\n                            </tr>\r\n                            <!-- Spacing -->\r\n                            <tr>\r\n                                <td align=\"center\" st-content=\"preheader\" style=\"font-family: Helvetica, arial, sans-serif; font-size: 10px;color: #999999\" valign=\"middle\">\r\n                                    If you don\'t want to receive updates. please\r\n                                    <a class=\"hlite\" href=\"#\" style=\"text-decoration: none; color: #0db9ea\">\r\n                                        unsubscribe\r\n                                    </a>\r\n                                </td>\r\n                            </tr>\r\n                            <!-- Spacing -->\r\n                            <tr>\r\n                                <td height=\"5\" width=\"100%\">\r\n                                </td>\r\n                            </tr>\r\n                            <!-- Spacing -->\r\n                        </tbody>\r\n                    </table>\r\n                </td>\r\n            </tr>\r\n        </tbody>\r\n    </table>\r\n    <!-- End of preheader -->\r\n</div>','no@noemail.com','Test',2,'2016-07-19 06:24:08','2016-07-19 06:30:21','email'),(4,'registration','registration','content','Welcome','<!-- Full + text -->\n<table border=\"0\" cellpadding=\"0\" cellspacing=\"0\" style=\"width:100%\">\n	<tbody>\n		<tr>\n			<td>\n			<table align=\"center\" border=\"0\" cellpadding=\"0\" cellspacing=\"0\" style=\"width:580px\">\n				<tbody>\n					<tr>\n						<td>&nbsp;</td>\n					</tr>\n					<tr>\n						<td>\n						<table align=\"center\" border=\"0\" cellpadding=\"0\" cellspacing=\"0\" style=\"width:540px\">\n							<tbody><!-- title -->\n								<tr>\n									<td style=\"text-align:left\">&nbsp;</td>\n								</tr>\n								<!-- end of title --><!-- Spacing -->\n								<tr>\n									<td>&nbsp;</td>\n								</tr>\n								<!-- Spacing --><!-- content -->\n								<tr>\n									<td style=\"text-align:left\">\n									<p>Dear {{ $user_name }},<br />\n									You have successfully registered with Academia.</p>\n\n									<p>The credentials are</p>\n\n									<p>Username: {{$username}} / {{$to_email}}</p>\n\n									<p>Password: {{$password}}</p>\n\n									<p>Enjoy the facilities provided by our system.</p>\n\n									<p>Please contact admin for further details.</p>\n									</td>\n								</tr>\n								<!-- end of content --><!-- Spacing -->\n								<tr>\n									<td>&nbsp;</td>\n								</tr>\n								<!-- Spacing -->\n								<tr>\n									<td>&nbsp;</td>\n								</tr>\n								<!-- button -->\n								<tr>\n									<td>\n									<table align=\"left\" border=\"0\" cellpadding=\"0\" cellspacing=\"0\" style=\"height:30px\">\n										<tbody>\n											<tr>\n												<td style=\"background-color:#0db9ea; text-align:justify\"><a href=\"#\">Read More</a></td>\n											</tr>\n										</tbody>\n									</table>\n									</td>\n								</tr>\n								<!-- /button --><!-- Spacing -->\n								<tr>\n									<td>&nbsp;</td>\n								</tr>\n								<!-- Spacing -->\n							</tbody>\n						</table>\n						</td>\n					</tr>\n				</tbody>\n			</table>\n			</td>\n		</tr>\n	</tbody>\n</table>\n','admin@academia.com','Academia Admin',1,'2016-07-29 03:48:18','2016-10-27 18:45:43','email'),(5,'subscription','subscription','content','Subscription Successfull','<div class=\"block\"><!-- Full + text -->\r\n<table border=\"0\" cellpadding=\"0\" cellspacing=\"0\" id=\"backgroundTable\" style=\"width:100%\">\r\n	<tbody>\r\n		<tr>\r\n			<td>\r\n			<table align=\"center\" border=\"0\" cellpadding=\"0\" cellspacing=\"0\" class=\"devicewidth\" style=\"width:580px\">\r\n				<tbody>\r\n					<tr>\r\n						<td>&nbsp;</td>\r\n					</tr>\r\n					<tr>\r\n						<td>\r\n						<table align=\"center\" border=\"0\" cellpadding=\"0\" cellspacing=\"0\" class=\"devicewidthinner\" style=\"width:540px\">\r\n							<tbody><!-- title -->\r\n								<tr>\r\n									<td style=\"text-align:left\">&nbsp;</td>\r\n								</tr>\r\n								<!-- end of title --><!-- Spacing -->\r\n								<tr>\r\n									<td>&nbsp;</td>\r\n								</tr>\r\n								<!-- Spacing --><!-- content -->\r\n								<tr>\r\n									<td style=\"text-align:left\">Dear {{ $username }},<br />\r\n									You have successfully subscribed to {{ ucfirst($plan)}} plan with transaction {{$id}}. Enjoy the facilities provided by our system.</td>\r\n								</tr>\r\n								<!-- end of content --><!-- Spacing -->\r\n								<tr>\r\n									<td>&nbsp;</td>\r\n								</tr>\r\n								<!-- Spacing -->\r\n								<tr>\r\n									<td>&nbsp;</td>\r\n								</tr>\r\n								<!-- button -->\r\n								<tr>\r\n									<td>\r\n									<table align=\"left\" border=\"0\" cellpadding=\"0\" cellspacing=\"0\" class=\"tablet-button\" style=\"height:30px\">\r\n										<tbody>\r\n											<tr>\r\n												<td style=\"background-color:#0db9ea; text-align:center\"><span style=\"color:#ffffff\"><a href=\"#\" style=\"color: #ffffff; text-align:center;text-decoration: none;\">Read More</a> </span></td>\r\n											</tr>\r\n										</tbody>\r\n									</table>\r\n									</td>\r\n								</tr>\r\n								<!-- /button --><!-- Spacing -->\r\n								<tr>\r\n									<td>&nbsp;</td>\r\n								</tr>\r\n								<!-- Spacing -->\r\n							</tbody>\r\n						</table>\r\n						</td>\r\n					</tr>\r\n				</tbody>\r\n			</table>\r\n			</td>\r\n		</tr>\r\n	</tbody>\r\n</table>\r\n</div>\r\n','admin@academia.com','Jack',1,'2016-08-03 01:00:58','2016-09-03 01:59:12','email'),(6,'offline_subscription_failed','offline-subscription-failed','content','Offline Subscription Failed','<div class=\"block\"><!-- Full + text -->\r\n<table border=\"0\" cellpadding=\"0\" cellspacing=\"0\" id=\"backgroundTable\" style=\"width:100%\">\r\n	<tbody>\r\n		<tr>\r\n			<td>\r\n			<table align=\"center\" border=\"0\" cellpadding=\"0\" cellspacing=\"0\" class=\"devicewidth\" style=\"width:580px\">\r\n				<tbody>\r\n					<tr>\r\n						<td>&nbsp;</td>\r\n					</tr>\r\n					<tr>\r\n						<td>\r\n						<table align=\"center\" border=\"0\" cellpadding=\"0\" cellspacing=\"0\" class=\"devicewidthinner\" style=\"width:540px\">\r\n							<tbody><!-- title -->\r\n								<tr>\r\n									<td style=\"text-align:left\">&nbsp;</td>\r\n								</tr>\r\n								<!-- end of title --><!-- Spacing -->\r\n								<tr>\r\n									<td>&nbsp;</td>\r\n								</tr>\r\n								<!-- Spacing --><!-- content -->\r\n								<tr>\r\n									<td style=\"text-align:left\">\r\n									<p>Dear {{ $username }},<br />\r\n									Your attempt for offline subscription to {{ ucfirst($plan)}} plan is failed.</p>\r\n\r\n									<p>Please find the admin comment</p>\r\n\r\n									<p><u><strong>Admin Comment:</strong></u></p>\r\n\r\n									<p>&nbsp;{{$admin_comment}}.</p>\r\n\r\n									<p>Please contact admin for further details.</p>\r\n									</td>\r\n								</tr>\r\n								<!-- end of content --><!-- Spacing -->\r\n								<tr>\r\n									<td>&nbsp;</td>\r\n								</tr>\r\n								<!-- Spacing -->\r\n								<tr>\r\n									<td>&nbsp;</td>\r\n								</tr>\r\n								<!-- button -->\r\n								<tr>\r\n									<td>\r\n									<table align=\"left\" border=\"0\" cellpadding=\"0\" cellspacing=\"0\" class=\"tablet-button\" style=\"height:30px\">\r\n										<tbody>\r\n											<tr>\r\n												<td style=\"background-color:#0db9ea; text-align:center\"><span style=\"color:#ffffff\"><a href=\"#\" style=\"color: #ffffff; text-align:center;text-decoration: none;\">Read More</a> </span></td>\r\n											</tr>\r\n										</tbody>\r\n									</table>\r\n									</td>\r\n								</tr>\r\n								<!-- /button --><!-- Spacing -->\r\n								<tr>\r\n									<td>&nbsp;</td>\r\n								</tr>\r\n								<!-- Spacing -->\r\n							</tbody>\r\n						</table>\r\n						</td>\r\n					</tr>\r\n				</tbody>\r\n			</table>\r\n			</td>\r\n		</tr>\r\n	</tbody>\r\n</table>\r\n</div>\r\n','admin@academia.com','Admin',1,'2016-10-15 10:31:47','2016-10-18 14:36:14','email'),(7,'offline_subscription_success','offline-subscription-success','content','Offline Subscription Success','<div class=\"block\"><!-- Full + text -->\r\n<table border=\"0\" cellpadding=\"0\" cellspacing=\"0\" id=\"backgroundTable\" style=\"width:100%\">\r\n	<tbody>\r\n		<tr>\r\n			<td>\r\n			<table align=\"center\" border=\"0\" cellpadding=\"0\" cellspacing=\"0\" class=\"devicewidth\" style=\"width:580px\">\r\n				<tbody>\r\n					<tr>\r\n						<td>&nbsp;</td>\r\n					</tr>\r\n					<tr>\r\n						<td>\r\n						<table align=\"center\" border=\"0\" cellpadding=\"0\" cellspacing=\"0\" class=\"devicewidthinner\" style=\"width:540px\">\r\n							<tbody><!-- title -->\r\n								<tr>\r\n									<td style=\"text-align:left\">&nbsp;</td>\r\n								</tr>\r\n								<!-- end of title --><!-- Spacing -->\r\n								<tr>\r\n									<td>&nbsp;</td>\r\n								</tr>\r\n								<!-- Spacing --><!-- content -->\r\n								<tr>\r\n									<td style=\"text-align:left\">\r\n									<p>Dear {{ $username }},<br />\r\n									Your attempt for offline subscription to {{ ucfirst($plan)}} plan is success. &nbsp;</p>\r\n\r\n									<p><u><strong>Admin Comment</strong></u></p>\r\n\r\n									<p>&nbsp;{{$admin_comment}}.</p>\r\n\r\n									<p>Please contact admin for further details.</p>\r\n									</td>\r\n								</tr>\r\n								<!-- end of content --><!-- Spacing -->\r\n								<tr>\r\n									<td>&nbsp;</td>\r\n								</tr>\r\n								<!-- Spacing -->\r\n								<tr>\r\n									<td>&nbsp;</td>\r\n								</tr>\r\n								<!-- button -->\r\n								<tr>\r\n									<td>\r\n									<table align=\"left\" border=\"0\" cellpadding=\"0\" cellspacing=\"0\" class=\"tablet-button\" style=\"height:30px\">\r\n										<tbody>\r\n											<tr>\r\n												<td style=\"background-color: rgb(13, 185, 234); text-align: justify;\"><span style=\"color:#ffffff\"><a href=\"#\" style=\"color: #ffffff; text-align:center;text-decoration: none;\">Read More</a> </span></td>\r\n											</tr>\r\n										</tbody>\r\n									</table>\r\n									</td>\r\n								</tr>\r\n								<!-- /button --><!-- Spacing -->\r\n								<tr>\r\n									<td>&nbsp;</td>\r\n								</tr>\r\n								<!-- Spacing -->\r\n							</tbody>\r\n						</table>\r\n						</td>\r\n					</tr>\r\n				</tbody>\r\n			</table>\r\n			</td>\r\n		</tr>\r\n	</tbody>\r\n</table>\r\n</div>\r\n','admin@academia.com','Admin',1,'2016-10-15 10:35:32','2016-10-18 14:27:15','email'),(8,'subscription_success','subscription-success','content','Your Subscription was Success','<!-- Full + text -->\r\n<table border=\"0\" cellpadding=\"0\" cellspacing=\"0\" style=\"width:100%\">\r\n	<tbody>\r\n		<tr>\r\n			<td>\r\n			<table align=\"center\" border=\"0\" cellpadding=\"0\" cellspacing=\"0\" style=\"width:580px\">\r\n				<tbody>\r\n					<tr>\r\n						<td>&nbsp;</td>\r\n					</tr>\r\n					<tr>\r\n						<td>\r\n						<table align=\"center\" border=\"0\" cellpadding=\"0\" cellspacing=\"0\" style=\"width:540px\">\r\n							<tbody><!-- title -->\r\n								<tr>\r\n									<td style=\"text-align:left\">&nbsp;</td>\r\n								</tr>\r\n								<!-- end of title --><!-- Spacing -->\r\n								<tr>\r\n									<td>&nbsp;</td>\r\n								</tr>\r\n								<!-- Spacing --><!-- content -->\r\n								<tr>\r\n									<td style=\"text-align:left\">\r\n									<p>Dear {{ $username }},<br />\r\n									Your payment has beed completed and you can now download your products. &nbsp;</p>\r\n\r\n									<p>Please contact admin for further details.</p>\r\n									</td>\r\n								</tr>\r\n								<!-- end of content --><!-- Spacing -->\r\n								<tr>\r\n									<td>&nbsp;</td>\r\n								</tr>\r\n								<tr>\r\n									<td>Products</td>\r\n								</tr>\r\n								<tr>\r\n									<td style=\"text-align:left\">\r\n									{!! $products !!}\r\n									</td>\r\n								</tr>\r\n								\r\n								<!-- Spacing -->\r\n								<tr>\r\n									<td>&nbsp;</td>\r\n								</tr>\r\n								<!-- button -->\r\n								<tr>\r\n									<td>\r\n									<table align=\"left\" border=\"0\" cellpadding=\"0\" cellspacing=\"0\" style=\"height:30px\">\r\n										<tbody>\r\n											<tr>\r\n												<td style=\"background-color:#0db9ea; text-align:justify\"><a href=\"#\">Read More</a></td>\r\n											</tr>\r\n										</tbody>\r\n									</table>\r\n									</td>\r\n								</tr>\r\n								<!-- /button --><!-- Spacing -->\r\n								<tr>\r\n									<td>&nbsp;</td>\r\n								</tr>\r\n								<!-- Spacing -->\r\n							</tbody>\r\n						</table>\r\n						</td>\r\n					</tr>\r\n				</tbody>\r\n			</table>\r\n			</td>\r\n		</tr>\r\n	</tbody>\r\n</table>\r\n','admin@academia.com','Admin',1,'2016-10-19 15:31:21','2016-10-19 15:31:21','email');

/*Table structure for table `tourapplications` */

DROP TABLE IF EXISTS `tourapplications`;

CREATE TABLE `tourapplications` (
  `id` int(10) unsigned NOT NULL AUTO_INCREMENT,
  `title` varchar(255) COLLATE utf8_unicode_ci NOT NULL,
  `slug` varchar(255) COLLATE utf8_unicode_ci NOT NULL,
  `description` text COLLATE utf8_unicode_ci NOT NULL,
  `start_date` date NOT NULL,
  `end_date` date DEFAULT NULL,
  `travel_mode` varchar(255) COLLATE utf8_unicode_ci NOT NULL,
  `ticket_cost` decimal(10,2) NOT NULL,
  `cab_cost_home` decimal(10,2) NOT NULL,
  `cab_cost_destination` decimal(10,2) NOT NULL,
  `hotel_cost` decimal(10,2) NOT NULL,
  `manager_id` int(10) unsigned DEFAULT NULL,
  `status` enum('draft','submitted','approved','rejected','request_for_information','moved_to_finance_manager') COLLATE utf8_unicode_ci NOT NULL DEFAULT 'draft',
  `submitted_by` int(10) unsigned DEFAULT NULL,
  `created_at` timestamp NULL DEFAULT NULL,
  `updated_at` timestamp NULL DEFAULT NULL,
  PRIMARY KEY (`id`),
  KEY `submitted_by` (`submitted_by`),
  KEY `manager_id` (`manager_id`),
  CONSTRAINT `tourapplications_ibfk_1` FOREIGN KEY (`submitted_by`) REFERENCES `users` (`id`) ON DELETE CASCADE ON UPDATE CASCADE
) ENGINE=InnoDB AUTO_INCREMENT=4 DEFAULT CHARSET=utf8 COLLATE=utf8_unicode_ci;

/*Data for the table `tourapplications` */

insert  into `tourapplications`(`id`,`title`,`slug`,`description`,`start_date`,`end_date`,`travel_mode`,`ticket_cost`,`cab_cost_home`,`cab_cost_destination`,`hotel_cost`,`manager_id`,`status`,`submitted_by`,`created_at`,`updated_at`) values (1,'First Travel','first-travel','There are many variations of passages of Lorem Ipsum available, but the majority have suffered alteration in some form, by injected humour, or randomised words ','2017-01-01','2017-01-03','Flight',600.00,50.00,200.00,800.00,4,'moved_to_finance_manager',2,'2017-01-26 01:49:44','2017-01-26 04:41:15'),(2,'Second Travel','second-travel','This is my second travel to the same place','2017-01-22','2017-01-28','Train',300.00,123.00,222.00,455.00,4,'submitted',2,'2017-01-26 04:16:34','2017-01-26 04:40:35'),(3,'Third Tour','third-tour','This is my third tour','2017-01-30','2017-02-05','Bus',200.00,122.00,44.00,245.00,4,'draft',2,'2017-01-26 04:39:41','2017-01-26 04:39:41');

/*Table structure for table `users` */

DROP TABLE IF EXISTS `users`;

CREATE TABLE `users` (
  `id` int(10) unsigned NOT NULL AUTO_INCREMENT,
  `name` varchar(512) COLLATE utf8_unicode_ci NOT NULL,
  `first_name` varchar(256) COLLATE utf8_unicode_ci DEFAULT NULL,
  `last_name` varchar(256) COLLATE utf8_unicode_ci DEFAULT NULL,
  `slug` varchar(50) COLLATE utf8_unicode_ci DEFAULT NULL,
  `email` varchar(255) COLLATE utf8_unicode_ci NOT NULL,
  `password` varchar(255) COLLATE utf8_unicode_ci NOT NULL,
  `role_id` int(11) DEFAULT NULL,
  `image` varchar(50) COLLATE utf8_unicode_ci DEFAULT NULL,
  `remember_token` varchar(100) COLLATE utf8_unicode_ci DEFAULT NULL,
  `created_at` timestamp NULL DEFAULT NULL,
  `updated_at` timestamp NULL DEFAULT NULL,
  `phone` varchar(20) COLLATE utf8_unicode_ci DEFAULT NULL,
  `created_by` int(11) DEFAULT NULL,
  `confirmed` tinyint(1) DEFAULT '0' COMMENT '1 - Confirmed, 0 - Not confirmed',
  `confirmation_code` varchar(50) COLLATE utf8_unicode_ci DEFAULT NULL,
  `status` varchar(10) COLLATE utf8_unicode_ci DEFAULT 'Registered' COMMENT 'Registered,Active,Suspended',
  `billing_address1` text COLLATE utf8_unicode_ci,
  `billing_address2` text COLLATE utf8_unicode_ci,
  `billing_city` varchar(256) COLLATE utf8_unicode_ci DEFAULT NULL,
  `billing_zip` varchar(20) COLLATE utf8_unicode_ci DEFAULT NULL,
  `billing_state` varchar(256) COLLATE utf8_unicode_ci DEFAULT NULL,
  `billing_country` varchar(256) COLLATE utf8_unicode_ci DEFAULT NULL,
  `about_me` text COLLATE utf8_unicode_ci,
  `social_links` text COLLATE utf8_unicode_ci,
  PRIMARY KEY (`id`),
  UNIQUE KEY `users_email_unique` (`email`)
) ENGINE=InnoDB AUTO_INCREMENT=88 DEFAULT CHARSET=utf8 COLLATE=utf8_unicode_ci;

/*Data for the table `users` */

insert  into `users`(`id`,`name`,`first_name`,`last_name`,`slug`,`email`,`password`,`role_id`,`image`,`remember_token`,`created_at`,`updated_at`,`phone`,`created_by`,`confirmed`,`confirmation_code`,`status`,`billing_address1`,`billing_address2`,`billing_city`,`billing_zip`,`billing_state`,`billing_country`,`about_me`,`social_links`) values (1,'Adiyya Admin','Adiyya','Admin','adiyya-admin','admin@admin.com','$2y$10$0BaKyr2dNhtn.rgeu/QgO.tR7/roo7O.LUKY3s3ww3n5L9rVoUVXK',1,'1.png','D32sDVN4yBkRTb29myvfXEXmGyg09UIKry3rwim9trulCeTrPYFXSsqnsTUH','2017-01-24 00:45:08','2017-03-23 07:17:39',NULL,NULL,1,NULL,'Active','teste','','','','','Afghanistan','<p>Iam creater</p>\r\n','{\"facebook\":\"facebook.com\",\"twitter\":\"twitter.com\",\"pinterest\":\"pinterest.com\",\"dribbble\":\"dribble.com\"}'),(2,'John',NULL,NULL,'john','john@john.com','$2y$10$RMQ2lHb8cqZTXplD2Meo0utUhuy0cuz/Cv0ufac6ZI6Q.wwpSXkE2',3,NULL,'xqirNQQo1FWUxhw3tdg9YmuopTsoetKgCsLedDInXqNcfV2PGBWbMBSn5mMW','2017-01-25 17:58:17','2017-02-13 10:00:28',NULL,NULL,0,NULL,'Registered',NULL,NULL,NULL,NULL,NULL,NULL,NULL,NULL),(4,'Raj',NULL,NULL,'raj','raj@raj.com','$2y$10$7FVBke6QVwC6Q/XSQv2etOs5ZBh5qy00UwN8I8.ZYeWfu8TWH.Nzq',2,NULL,'6ETAT1v6W7YBPL3kfnGC62u8AepqQe3bQxlX4vnJfItNyhYVpxAEGx0pVMlp','2017-01-25 18:02:39','2017-01-26 08:02:45',NULL,NULL,0,NULL,'Registered',NULL,NULL,NULL,NULL,NULL,NULL,NULL,NULL),(5,'Krish',NULL,NULL,'krish','krish@krish.com','$2y$10$h9B8CUasJwZcc1ZBNsDTwe7v1t7kYie4M94p3J.TRTdybF0/rIsaC',3,NULL,NULL,'2017-01-25 18:04:50','2017-01-25 18:04:50',NULL,NULL,0,NULL,'Registered',NULL,NULL,NULL,NULL,NULL,NULL,NULL,NULL),(6,'Rajesh',NULL,NULL,'rajesh','rajesh@rajesh.com','$2y$10$EN9ul3Um2llQjH6O1HKLfOsLs6vPxihYN7U8ZUrfUKX9KU.crjB8a',3,NULL,NULL,'2017-01-25 18:06:01','2017-01-25 18:06:01',NULL,NULL,0,NULL,'Registered',NULL,NULL,NULL,NULL,NULL,NULL,NULL,NULL),(7,'Jarvis',NULL,NULL,'jarvis','jarvis@jarvis.com','$2y$10$9DsQqKM0PaxRMkbnKXd3I./clN9q2PBETvC752d89fOGNK7ELSlku',1,'7.jpeg',NULL,'2017-01-25 18:07:31','2017-02-14 08:56:25',NULL,NULL,0,NULL,'Registered','asdf',NULL,NULL,NULL,NULL,NULL,NULL,NULL),(8,'Rajan',NULL,NULL,'rajan','rajan@rajan.com','$2y$10$Kc5vWuGxLsLze80yMtL22eNJ92Xurv77T8pVV17nAL6nKrxZ9NkJm',3,NULL,NULL,'2017-01-25 18:21:46','2017-01-25 18:21:46',NULL,NULL,0,NULL,'Registered',NULL,NULL,NULL,NULL,NULL,NULL,NULL,NULL),(9,'Manager2',NULL,NULL,'manager2','manager2@manager2.com','$2y$10$Oe2Mq0CPvUKn6POPpjIg5OJe6dnyEdXTXWr4S4HevbrG9ag1hWGkW',2,NULL,NULL,'2017-01-25 23:32:53','2017-01-25 23:32:53',NULL,NULL,0,NULL,'Registered',NULL,NULL,NULL,NULL,NULL,NULL,NULL,NULL),(10,'Manager3',NULL,NULL,'manager3','manager3@manager3.com','$2y$10$zu3yzzBjwSUfWrvyM3Q9t.nUW9ZpTjZJp1qlj3W9fyt2BFxnZ/95.',2,NULL,NULL,'2017-01-25 23:33:14','2017-01-25 23:33:14',NULL,NULL,0,NULL,'Registered',NULL,NULL,NULL,NULL,NULL,NULL,NULL,NULL),(13,'Test1',NULL,NULL,'test1','test@test.com','$2y$10$o7Gq7Abg6eSNCbX8FSR1xOuUCBwXR6fUmSqt5MBFTckxjB.ga.K2u',3,NULL,NULL,'2017-02-14 05:35:43','2017-02-14 05:35:43',NULL,NULL,0,NULL,'Registered','',NULL,NULL,NULL,NULL,NULL,NULL,NULL),(64,'UserName 1',NULL,NULL,'username-1','User@user.com1','$2y$10$Kjp1hLD4QVww4bVD7bgd2OVzK4vwD0dw265i0SJNWWUiPj0QttCda',1,NULL,NULL,'2017-03-08 10:00:00','2017-03-08 10:00:00',NULL,NULL,0,NULL,'Registered','My Billing Address',NULL,NULL,NULL,NULL,NULL,NULL,NULL),(65,'UserName 2',NULL,NULL,'username-2','User@user.com2','$2y$10$Ef4tlTg5uK6gmlZ3lilMh.QP9epFrKrykMBbl222h9RwTEpiCgbZi',2,NULL,NULL,'2017-03-08 10:00:00','2017-03-08 10:00:00',NULL,NULL,0,NULL,'Registered','My Billing Address',NULL,NULL,NULL,NULL,NULL,NULL,NULL),(66,'UserName 3',NULL,NULL,'username-3','User@user.com3','$2y$10$N5JN/FURTWLQNMXxp/7JqOlEIdbPMJR39rzlVidh/F3Vrf0Dwwyi2',5,NULL,NULL,'2017-03-08 10:00:00','2017-03-08 10:00:00',NULL,NULL,0,NULL,'Registered','My Billing Address',NULL,NULL,NULL,NULL,NULL,NULL,NULL),(67,'UserName 4',NULL,NULL,'username-4','User@user.com4','$2y$10$070RhuUmg5z5DdP6Ndg8DOwvrqGgiTu.Ffg2.KCiZ9Q6vbBnJDCWS',4,NULL,NULL,'2017-03-08 10:00:00','2017-03-08 10:00:00',NULL,NULL,0,NULL,'Registered','My Billing Address',NULL,NULL,NULL,NULL,NULL,NULL,NULL),(68,'UserName 5',NULL,NULL,'username-5','User@user.com5','$2y$10$LZmDsIKgMy8EMzSpa1rGJeWeHnhIY2flVYVux8UT8PFxb1NBKhXFa',5,NULL,NULL,'2017-03-08 10:00:01','2017-03-08 10:00:01',NULL,NULL,0,NULL,'Registered','My Billing Address',NULL,NULL,NULL,NULL,NULL,NULL,NULL),(69,'UserName 6',NULL,NULL,'username-6','User@user.com6','$2y$10$R7jb1Hcq8NCn7R5dvQNVN.zdilWa5O/Kk0oYJQmyBO8qY9s2iKh16',1,NULL,NULL,'2017-03-08 10:00:01','2017-03-08 10:00:01',NULL,NULL,0,NULL,'Registered','My Billing Address',NULL,NULL,NULL,NULL,NULL,NULL,NULL),(70,'UserName 7',NULL,NULL,'username-7','User@user.com7','$2y$10$BXgezncNL7IQHcdBhDWMH.WK58Hjc3aMzmW1u9GBD10/Yi4F5.EGu',3,NULL,NULL,'2017-03-08 10:00:01','2017-03-08 10:00:01',NULL,NULL,0,NULL,'Registered','My Billing Address',NULL,NULL,NULL,NULL,NULL,NULL,NULL),(71,'UserName 8',NULL,NULL,'username-8','User@user.com8','$2y$10$pAo9jkx6ERdLQTUeaEJV..g.VcYfhW6AumNqmSTsWdIhBbnaFAXE2',5,NULL,NULL,'2017-03-08 10:00:01','2017-03-08 10:00:01',NULL,NULL,0,NULL,'Registered','My Billing Address',NULL,NULL,NULL,NULL,NULL,NULL,NULL),(72,'UserName 9',NULL,NULL,'username-9','User@user.com9','$2y$10$dKLDzlky0boO0uuW5mFl0.DHX8mbz4l8JyxZxO.Qg.za8bcJ55nNa',4,NULL,NULL,'2017-03-08 10:00:01','2017-03-08 10:00:01',NULL,NULL,0,NULL,'Registered','My Billing Address',NULL,NULL,NULL,NULL,NULL,NULL,NULL),(73,'UserName 10',NULL,NULL,'username-10','User@user.com10','$2y$10$6bKYdaPzQLmoSbdAKmvH8egYZB2YQvLWpO1VQWB9myDb.574HJ8/a',5,NULL,NULL,'2017-03-08 10:00:01','2017-03-08 10:00:01',NULL,NULL,0,NULL,'Registered','My Billing Address',NULL,NULL,NULL,NULL,NULL,NULL,NULL),(83,'Adiyya adistu1@hhhh.ff','Adiyya','adistu1@hhhh.ff','adiyya-adistu1athhhhff','adiyya@gmail.com','$2y$10$6bKYdaPzQLmoSbdAKmvH8egYZB2YQvLWpO1VQWB9myDb.574HJ8/a',5,'83.jpeg','Sr14TSq6xQ0LE7qZrQ03y6kanbSi03r2NPCld94JBuaECyCwgBLhAZlVKkEF','2017-03-14 09:29:24','2017-03-17 11:19:39',NULL,NULL,1,'X3pceaCW92hhhYETLKYBBAPBF11V6Z','Active','fdaffa','ffadsfdsafaf','fsdafsdaadas','','','India',NULL,NULL),(85,'vishnu',NULL,NULL,'vishnu','cstplvishnuvardhan@gmail.com','$2y$10$POwr0f2CKOu17zfK1nppku0qL5IiILUvbEfAf7nQ5.3AHAyTQnLw2',5,NULL,NULL,'2017-03-21 10:57:25','2017-03-21 10:57:25',NULL,NULL,0,NULL,'Registered','Boston',NULL,NULL,NULL,NULL,NULL,NULL,NULL),(86,'Adiyya Vendor','Adiyya','Vendor','adiyya-vendor','adiyyavendor@gmail.com','$2y$10$Oh5SNY1lGv/g3AI580v4F.DsDBZQVGLo1rmwmg0Nb8Y8wz/L3jiz6',4,NULL,'OVcRDHrbMHW5CbuArC2qHa47FuLiWJEf2d33kTRXLfzahiv68tBleBN9lNIR','2017-03-22 05:47:09','2017-03-23 11:31:01',NULL,NULL,1,'9Nit2zzET6mrUlBn9y534gwW9TYAtC','Active','','','','','','India',NULL,NULL),(87,'Kiran Kumar','Kiran','Kumar','kiran-kumar','conqtech7@gmail.com','$2y$10$uX2KT0Ggt7K.250reWuS1Osfi/tcgvZ/MMt9rInY2nT.kWKuvprbi',1,NULL,NULL,'2017-03-23 09:17:38','2017-03-23 09:17:38',NULL,NULL,0,NULL,'Registered','address','test address','Hyd','500081','Telangana','India','<p>Good</p>\r\n','{\"facebook\":\"https:\\/\\/www.facebook.com\\/\",\"twitter\":\"https:\\/\\/twitter.com\\/\",\"pinterest\":\"https:\\/\\/www.pinterest.com\\/\",\"dribbble\":\"https:\\/\\/dribbble.com\\/\"}');

/*!40101 SET SQL_MODE=@OLD_SQL_MODE */;
/*!40014 SET FOREIGN_KEY_CHECKS=@OLD_FOREIGN_KEY_CHECKS */;
/*!40014 SET UNIQUE_CHECKS=@OLD_UNIQUE_CHECKS */;
/*!40111 SET SQL_NOTES=@OLD_SQL_NOTES */;
